# p1 - c1 sync,p1 - c2 sync,p1 - c3 sync,p2 - c1 sync,p2 - c2 sync,p2 - c3 sync,p3 - c1 sync,p3 - c2 sync,p3 - c3 sync,p4 - c1 sync,p4 - c2 sync,p4 - c3 sync,p5 - c1 sync,p5 - c2 sync,p5 - c3 sync,c1 - p1,c1 - p2,c1 - p3,c1 - p4,c1 - p5,c2 - p1,c2 - p2,c2 - p3,c2 - p4,c2 - p5,c3 - p1,c3 - p2,c3 - p3,c3 - p4,c3 - p5
29222.52703,31877.29907,34529.67095,23336.74598,25991.51206,28643.88299,17452.18682,20106.96387,22759.31191,11568.01105,14222.80121,16875.17405,5686.73396,8341.49909,10993.86501,24.17111,24.19710,24.14608,24.48010,23.85902,22.32003,22.34602,22.87507,21.90495,22.37606,22.09997,22.17388,22.77398,21.66605,22.19701
11.83510,12.78710,12.17008,24.36399,24.36399,23.83614,46.98205,48.00701,47.08004,66.86997,67.21187,67.12103,148.22292,148.05603,148.32401,22.00913,23.27800,22.93301,25.07901,22.48120,20.92409,23.30804,21.95215,25.26879,22.42804,21.71993,23.06104,22.76587,28.58901,22.12095
32.73511,34.33514,34.13200,20.04004,20.60819,19.90318,93.78290,92.94391,93.51301,53.21813,52.99711,53.79295,75.68908,75.52314,75.80709,23.00596,25.84600,21.77191,22.76611,22.76587,21.39902,25.66910,22.38107,22.56393,22.81404,22.44306,25.95091,22.80498,21.91305,22.50791
48.04707,47.79220,47.96815,11.62696,11.64603,14.54616,90.84177,90.74688,91.09592,65.81998,66.03098,66.50996,23.15903,23.02694,23.14997,22.90297,21.87204,21.96884,23.43893,22.50099,23.69499,21.66414,22.08018,23.14591,22.32599,23.18501,18.85891,21.77310,23.02194,22.36295
12.92992,13.75985,13.00788,49.28493,48.91205,49.02697,48.90513,48.53511,48.64717,68.05301,68.20488,68.12406,22.77684,22.46189,24.87588,27.67992,22.07899,23.42796,22.85218,27.39382,24.83392,22.44306,24.11819,22.65096,27.12393,27.73690,22.48096,23.78988,22.73297,26.15595
49.28398,49.26395,49.85690,49.10302,49.06702,49.67594,14.13298,14.07313,14.09602,24.90115,24.93095,24.97506,66.65993,66.69307,66.76793,21.61694,24.51396,27.62580,21.65294,22.51792,21.55614,24.12009,27.96507,21.69800,22.55583,21.13199,24.55521,27.82798,21.58689,22.38417
71.28382,70.85395,70.86492,47.84489,48.12980,48.26498,12.75706,12.81500,12.92205,23.57483,23.60296,24.14703,68.69507,68.26615,68.27617,22.26496,23.24700,25.16794,23.58389,22.40992,22.90082,22.40300,24.68681,23.92006,23.02599,22.94588,22.39108,26.23606,23.40388,23.10491
53.03907,52.73914,53.27415,13.43012,13.17716,14.28604,73.80795,73.36497,73.53497,26.85905,26.91197,27.64010,92.83614,94.50102,93.69016,24.43290,23.41413,22.17197,22.31383,21.74401,25.82002,23.50307,24.42789,22.91512,20.56313,26.17908,22.52197,23.28300,21.44289,20.97893
100.14105,100.37398,100.40903,33.32591,34.97195,34.17802,99.78294,100.02184,100.05283,55.06206,55.41015,55.19295,31.50606,33.19001,32.36198,21.96312,22.55321,23.43917,21.75498,21.80099,21.51799,21.23284,23.25892,21.62814,20.58601,21.56997,21.89803,23.41795,22.01986,21.01612
37.32204,37.55999,37.59098,75.59109,75.36101,75.30689,52.75798,53.03001,52.76299,13.58986,13.54599,13.65089,72.11900,71.88988,71.84792,23.30709,23.96607,23.53096,24.11985,24.27888,23.11492,23.74792,22.83001,24.14799,23.94199,23.37813,23.15593,23.35119,24.13106,24.15490
94.55705,73.07696,72.48998,47.53304,46.99612,47.00708,12.60090,11.95478,12.40182,66.88499,66.94198,67.05093,18.67604,18.50009,18.62907,1.96385,22.26686,24.44816,24.48678,24.23811,25.41804,24.70994,25.34008,22.14313,23.99707,24.46985,23.56005,24.54591,24.08695,23.82112
52.90079,52.63090,52.51980,17.95411,16.73794,17.80009,30.16114,30.22504,31.67510,76.02787,75.56486,75.37699,50.12894,50.35090,50.31490,21.35491,20.50710,21.50798,23.07606,22.61901,21.87896,21.57211,21.36993,23.71693,23.56195,21.96813,20.59603,19.94014,24.04094,22.33291
23.55003,24.28699,23.49806,44.56687,44.89994,44.51585,12.35080,12.58993,11.90400,44.02804,44.36302,43.97702,61.63120,62.34717,62.99901,23.49997,22.39513,20.74003,24.02091,21.92998,22.58801,22.00890,20.55907,24.39904,21.16394,24.23787,22.48693,21.22307,25.25306,20.56408
19.41299,19.10281,19.32287,52.05798,51.94187,51.91898,54.53396,54.41689,54.39401,28.88608,28.81217,28.78904,103.18589,103.02711,104.26307,24.44291,21.87800,22.88699,22.11404,22.25184,23.94605,21.84916,23.14901,22.20416,22.34292,24.28079,21.92593,23.90003,22.37797,21.01398
20.62106,20.78295,21.69609,68.36390,65.11497,65.93895,56.34403,56.18000,57.40094,29.78206,29.54817,30.08318,60.07409,56.84710,57.65510,21.43192,19.69981,22.86410,21.94500,19.51480,21.36302,22.83001,23.10705,22.09401,22.61209,20.33091,22.18485,21.91210,21.54207,22.01605
68.92109,69.05007,69.63110,20.88881,20.50591,20.57886,13.32903,13.45491,12.72893,43.48803,43.55812,43.49399,80.66106,80.43408,80.83415,21.56687,27.18806,21.10910,22.23396,22.55297,21.44599,27.34494,21.18015,21.97504,22.83001,21.11292,28.20611,21.69991,22.94898,22.50910
13.14282,13.15284,12.78496,67.43407,67.44599,67.55996,24.55401,24.50299,24.57809,45.46595,45.40110,45.30597,54.81720,54.82817,54.93999,24.84298,24.29700,24.63102,22.98498,21.39401,24.81294,22.88795,24.59908,23.29993,21.47198,24.51086,28.18298,24.72401,23.26393,22.02916
25.63095,25.37608,25.59590,45.62998,46.22698,46.19694,91.92300,91.96591,92.45586,45.35007,45.94803,45.91918,53.46298,52.47593,53.56693,22.08996,23.13304,22.66407,23.01097,22.12787,22.89200,22.56989,22.71295,21.45195,23.14186,22.58110,23.42391,22.47190,22.45498,22.42804
22.82190,22.48502,22.43590,62.33501,62.00194,61.79404,12.86387,12.55202,12.70199,83.59504,83.16112,83.03213,30.79391,30.83801,31.30198,24.64104,21.13295,23.60296,26.84093,22.63117,25.16913,22.00103,23.10896,27.49419,22.10498,24.81890,21.63100,24.07789,27.06099,22.34793
25.97213,27.27199,25.81000,14.45103,16.23297,14.03809,88.38487,88.32693,88.29594,70.65105,70.51921,70.70017,33.17499,33.14304,33.75506,25.01607,24.74284,21.84415,21.91305,22.30000,23.56696,22.21107,21.98696,22.15505,22.27902,25.51413,23.78201,21.97599,22.11404,21.99388
21.84105,22.39299,22.50695,61.18989,61.41782,61.22088,12.63785,12.95185,12.57682,82.27420,82.36718,82.58009,27.81320,27.81415,27.88401,26.76296,22.14599,21.87705,23.53406,22.07685,26.17121,21.80696,21.64507,23.50521,22.58515,25.96688,22.03202,23.09799,23.30089,22.13192
22.27497,22.53103,21.75212,44.44313,44.10505,44.48009,12.67099,12.80284,13.81397,43.01405,42.67406,43.05005,51.56422,51.44620,51.35202,21.40999,21.26479,24.32203,21.15202,22.01390,21.41690,21.89398,24.30701,21.79289,21.94095,21.95191,21.31200,22.81117,21.19398,22.21012
49.07608,45.95399,45.71605,50.31896,47.18018,46.96012,71.39206,71.23804,71.07592,25.80905,25.32315,25.06113,76.82300,77.29316,76.80106,20.43009,20.51592,22.54391,24.35923,23.04697,22.55797,23.04101,22.62402,22.55011,22.58611,23.70191,23.77200,22.54891,22.25900,23.07606
67.88206,67.95907,67.85107,46.97990,46.60296,46.33594,11.93500,11.67083,11.72090,23.35286,22.74179,23.43297,53.86710,53.94411,53.83611,22.47906,23.09990,21.81792,25.33817,27.17900,21.82198,27.17495,22.09401,26.00884,25.72799,22.09997,25.42496,21.59286,25.52986,25.51913
95.28303,95.22820,95.76797,35.29906,32.28211,31.43907,58.51698,57.00397,57.20305,72.10994,71.93995,72.12806,38.48410,38.67006,38.47694,22.57800,18.75710,20.95699,22.19892,22.93301,22.54891,22.10188,22.74203,22.40205,23.21005,22.04609,22.64881,23.11897,22.20798,24.00589
67.33322,67.32917,67.85512,45.80212,46.00501,46.37909,11.63507,11.94000,11.82103,24.94597,21.90208,21.66796,51.55993,51.55301,52.08111,22.54319,21.66200,22.17221,18.25213,21.94095,22.67790,21.48390,22.29500,21.29388,21.94786,22.03107,21.08192,22.32695,21.53802,21.57903
83.80985,84.66291,83.83703,22.98808,22.68505,23.14997,12.92801,12.30121,12.65311,44.93308,44.44218,44.64412,51.60689,51.71490,52.29497,21.40307,21.45910,23.51999,21.87204,23.04292,20.57099,21.68894,23.13805,22.33791,22.90487,21.42310,21.13008,24.23191,22.16721,22.52698
64.01587,63.45701,63.81392,27.21906,26.01409,25.69199,15.33794,14.06193,13.03196,63.36904,62.80804,63.16710,29.38414,29.85406,29.77800,21.79384,22.60089,24.94001,21.08908,22.04490,22.34817,24.63698,28.57494,21.62790,21.48890,22.07685,24.67608,28.40900,21.26002,22.23802
68.98308,68.87221,69.48209,24.57690,24.38688,24.49989,13.10992,12.91203,12.99095,70.02997,69.93103,70.47009,28.51391,28.55206,28.81098,24.84202,21.21902,24.20497,24.24598,21.63005,22.31312,21.29507,26.92008,22.62712,21.61598,21.85702,21.31200,23.31710,22.43114,21.36087
61.35488,61.29098,61.76686,11.92093,11.90400,12.06708,86.82179,86.32588,86.10582,21.10600,21.10195,21.03186,29.87599,29.83212,29.87194,21.68918,23.16904,21.75999,21.39592,21.43979,21.75999,24.13511,22.21107,21.39091,21.30294,21.32583,24.03212,22.39490,21.49391,21.36207
45.52197,45.35103,45.50004,12.19583,12.58278,12.46285,24.74594,24.48702,24.38092,102.89788,102.90980,103.22499,63.60197,63.60698,63.51089,21.79217,22.32504,22.93301,23.77200,25.70891,22.00699,21.86298,23.39983,23.98396,25.71392,21.85893,22.23706,23.29993,23.71788,25.91896
47.94312,47.95504,48.26999,17.39001,17.39001,18.35299,72.70718,72.70598,73.07816,48.53010,48.54202,48.85817,112.90097,112.95795,113.24096,22.18604,25.23088,23.59080,23.80705,21.90399,22.14909,24.14894,23.39411,24.06096,21.92521,21.86704,24.92499,24.05906,23.77915,21.66414
66.17022,66.00118,66.63513,112.31017,112.15496,112.46395,31.75807,31.75712,32.13191,49.59202,50.00997,49.56293,69.61107,69.66805,69.95010,23.32187,21.85798,23.61202,21.90781,22.43996,24.38712,21.66295,23.59390,21.56496,22.54581,23.24700,21.35205,24.09291,21.72494,21.99602
11.30605,11.13796,11.77192,57.05595,56.90002,57.20997,83.06217,83.26912,83.14514,56.55289,56.39601,56.70691,15.44714,15.50412,15.78522,23.34714,22.50099,22.32099,25.79498,22.49217,24.40715,21.87896,22.36414,26.10898,22.56918,23.26584,21.64817,23.53311,25.62404,22.03798
1278.37205,1144.47498,1232.57899,1278.59211,1144.69600,1232.79691,1281.03614,1147.26400,1235.28004,1277.88711,1144.10996,1232.13005,1258.67701,1124.83096,1212.89897,22.66693,22.73202,26.66783,26.55506,26.37506,24.27506,29.76108,27.43006,30.56216,25.01202,22.09902,22.27998,26.98588,26.77321,25.09809
2147.38894,2248.36206,2379.50206,1174.69788,1040.80606,1128.90506,2149.97411,2251.74904,2382.56311,2146.77715,2248.31414,2379.32706,1155.69901,1021.85607,1109.92098,33.00595,22.79401,27.68397,29.33908,26.40295,24.13917,29.94514,30.09701,27.71401,25.11692,27.53305,22.48812,37.50205,35.88891,25.17700
2041.42380,2142.39883,2273.53787,1071.63787,937.74986,1025.84577,2047.90306,2149.67704,2280.49016,2043.46800,2145.00999,2276.01600,1053.63107,919.79408,1007.85804,33.02383,22.82286,29.96707,29.37388,26.43013,24.31202,29.96492,30.17020,27.74620,25.19798,27.64702,24.86205,37.61292,36.17597,25.20514
1989.24112,2090.21497,2221.35305,1019.50192,885.61678,973.71078,1995.82195,2097.59402,2228.40714,1991.45794,2093.00590,2224.00498,1001.43719,867.60497,955.66607,33.02908,22.84980,30.16496,29.45495,26.45493,24.48106,30.17187,30.24006,27.92192,25.21205,27.70782,24.90902,37.65416,36.25798,25.23804
1901.01409,2001.98817,2133.12507,931.10108,797.21999,885.30993,1907.27806,2009.04608,2139.85801,1903.26595,2004.83108,2135.81109,913.16605,779.34003,867.39707,36.30900,22.88699,30.23410,29.73294,26.47996,24.64795,30.32303,30.32207,27.96197,25.53701,27.81081,24.93906,37.88209,36.35693,25.63000
1812.88695,1913.86008,2044.99507,842.72385,708.84991,796.93484,1818.74084,1920.50886,2051.32103,1815.26613,1916.84413,2047.80912,824.78499,690.96398,779.01697,36.39197,22.91393,30.42698,29.86002,26.50714,24.70517,30.33304,30.39408,28.27811,25.84410,27.96698,24.97196,38.05995,36.45301,25.77710
1771.80791,1872.78008,2003.91507,801.47791,667.60683,755.68986,1777.69494,1879.45890,2010.27083,1774.03808,1875.62013,2006.57892,783.76317,649.94621,737.99610,36.50498,22.94803,30.52306,30.06101,26.53289,24.79219,30.45392,30.46393,28.39589,26.05009,28.15509,24.99700,38.15198,36.64684,26.67403
1655.76601,1756.73604,1887.87103,685.21810,551.35202,639.43291,1661.44586,1763.21101,1894.02080,1657.69291,1759.27901,1890.23185,667.62304,533.81109,621.85717,36.61680,22.98117,33.07199,30.29609,26.55792,24.85991,30.46393,30.50303,28.43404,26.25108,28.27501,25.02394,38.20395,36.74603,26.71599
1532.79996,1633.76808,1764.90211,561.82694,427.96493,516.04509,1537.97817,1639.74714,1770.55001,1534.15990,1635.75101,1766.69788,544.40498,410.59804,498.64101,36.82995,26.23796,33.07319,30.62105,26.58296,24.95217,30.47395,30.58600,28.46909,28.94187,28.40900,25.05898,38.25808,36.81302,26.75009
1438.63511,1539.62398,1670.73393,467.61799,333.76002,421.83685,1443.38107,1545.15409,1675.95100,1439.70609,1541.30006,1672.24097,450.11902,316.31708,404.35600,36.98993,26.28207,33.12087,33.27012,26.60799,25.63190,30.48611,31.14510,28.84102,29.24919,28.60093,25.08783,38.32912,36.91697,26.78299
1391.29400,1492.28787,1623.39187,420.14813,286.29303,374.36795,1395.94793,1497.72596,1628.51596,1392.01617,1493.61801,1624.55106,403.12719,269.33002,357.36609,36.97991,26.31497,33.13684,33.30708,26.67689,25.73109,30.72309,31.81291,30.27105,30.30205,28.66817,25.11191,38.49506,37.03594,26.81994
1287.05502,1388.05389,1519.15097,315.76800,181.91814,269.98997,1291.18800,1392.97199,1523.75484,1287.73999,1389.35304,1520.27392,298.93708,165.14397,253.17597,36.98587,26.34811,33.15306,33.39505,26.70193,25.80690,30.89213,32.67097,30.30300,30.32184,28.80597,25.18797,38.63692,37.10103,26.89791
1236.74202,1337.74495,1468.83607,1237.82206,1339.28418,1470.18600,1241.26196,1343.04404,1473.82689,1237.73885,1339.36095,1470.27087,248.56281,114.77494,202.80290,36.99303,36.96299,33.20694,33.54907,26.78108,25.91991,30.34616,33.03814,30.32613,30.43103,29.01793,36.30710,38.72800,37.15801,26.93796
1147.54200,1248.55018,1379.63414,1148.81396,1250.28205,1381.17504,1152.24600,1254.02904,1384.80902,3389.58812,1287.91499,2461.16614,158.87594,25.09403,113.11793,37.00709,37.03094,33.22005,23.16403,26.81589,26.01004,30.37000,33.09703,22.55082,30.46799,29.06585,37.21809,38.81788,21.61193,26.97301
1024.33419,1125.34618,1256.42514,1025.34103,1126.81484,1257.70187,1029.10113,1130.88298,1261.66201,3266.07180,1164.39390,2337.64386,984.86400,1107.81288,1239.09283,37.01115,37.03880,33.23102,23.56386,22.18509,26.05391,30.44105,33.24914,22.85504,25.93303,29.33002,37.25004,38.90300,21.69299,24.22905
903.86009,1004.87709,1135.94913,905.45106,1006.93393,1137.81190,910.05206,1011.83200,1142.61103,3146.73805,1045.05086,2218.30297,3129.21095,3188.23791,3188.23695,37.01401,37.11104,33.24580,23.79799,48.43593,26.44086,30.51090,33.39386,23.16093,31.74806,29.40488,37.31680,38.95903,21.76809,40.67302
763.70192,864.72392,995.78905,765.19394,866.69302,997.55287,769.75298,871.53196,1002.30908,3006.34122,904.64711,2077.89803,2988.85179,3047.87588,3047.87588,37.01591,37.12296,33.25891,24.03593,48.51985,26.47400,30.58314,33.46515,25.53105,31.77786,29.54102,37.34899,39.06417,24.99008,40.77601
659.38592,760.41198,891.47115,660.68912,762.19296,893.04495,665.26890,767.04693,897.82405,2902.04310,800.34399,1973.59610,2884.66311,2943.68315,2943.68410,37.01806,37.18209,33.27799,24.23596,48.59304,26.50189,30.66397,33.58793,25.63119,31.80504,29.66595,37.41407,39.16693,25.03109,40.87114
617.12909,718.15991,849.21193,618.31808,719.82503,850.67201,622.90907,724.68591,855.46303,2859.57217,757.86710,1931.11920,2842.54694,2901.56412,2901.56507,37.00686,37.18901,33.29301,24.42598,49.49903,26.53122,30.73478,33.72216,25.76089,31.83103,29.88911,37.44292,39.27302,25.06280,40.90691
494.85302,595.88599,726.93491,496.38700,597.89991,728.73902,500.59104,602.36812,733.14214,2737.32591,635.61487,1808.86889,2720.46208,2779.47712,2779.47712,37.00709,37.21404,33.30207,24.61386,49.53122,26.56102,30.81107,34.06215,25.87295,31.85701,29.96087,37.48894,39.56699,25.09809,41.01706
354.73204,455.77002,586.81297,356.48799,458.00495,588.83905,360.13389,461.90906,592.68308,2597.34917,495.63313,1668.88714,2580.41787,2639.43291,2639.43386,37.01210,37.22286,33.31614,24.83821,50.52400,27.55904,30.88880,34.08790,26.01600,32.57084,30.29394,37.54902,39.68406,25.13003,41.11791
301.56422,402.60601,533.64301,303.23792,404.75893,535.58803,306.90098,408.67615,539.44802,2544.12985,442.40785,1615.66281,2527.20690,2586.23099,2586.23099,37.01401,37.26888,33.32496,24.95193,50.55404,27.60386,31.00896,34.11603,26.06893,33.58793,35.50982,37.68182,40.06910,25.16603,41.17990
244.33398,345.37888,476.41087,246.00101,347.53394,478.34897,249.79615,351.56918,482.34105,2486.94706,385.22005,1558.47597,2469.73515,2528.76019,2528.76019,37.01711,37.27984,33.33402,25.05589,50.58193,27.63820,32.04203,34.17921,26.16811,34.28102,35.66289,37.91404,40.13205,25.19417,41.27502
166.29004,267.34114,398.36502,167.79399,269.32693,400.14100,171.76890,273.54002,404.31190,2408.79989,307.06787,1480.32403,2391.71219,2450.73819,2450.73819,37.01520,37.30106,33.34212,25.93899,50.74787,27.66895,32.73702,34.42502,26.22604,35.67791,35.77805,37.96291,40.21907,25.21896,41.34083
2307.49297,167.55295,298.57087,2308.66504,230.83401,1380.08595,71.80381,258.65793,1358.30498,2308.64596,206.91013,1380.16701,2291.61811,2350.64411,2350.64411,35.28595,27.06194,33.35404,25.98000,50.77600,28.28002,22.59707,21.68679,26.29995,35.81405,36.14593,26.39914,22.96686,25.24495,41.39113
2204.77486,1275.60186,1249.92085,2201.12896,123.30103,1272.54701,2207.75509,153.47409,1278.88107,2205.88803,104.14696,1277.40407,2188.57288,2247.59984,2247.60103,35.32505,27.82106,35.53700,26.01194,50.80485,3.06797,22.70007,24.70517,26.35717,36.00717,31.39901,26.80397,22.72701,25.27213,41.50105
2074.18799,1145.02001,1119.33994,2070.25909,39.65902,1141.67309,2076.87306,22.59898,1148.00000,2074.36681,1172.62197,1173.57898,2057.73902,2116.76693,2116.76693,35.35700,27.90284,35.57301,26.04389,50.90594,3.10779,23.93603,24.80006,22.12811,36.23509,31.43597,26.97396,22.76802,21.20805,41.61501
1992.36703,1063.20190,1037.52398,1988.35707,2047.41716,2047.41502,1985.51297,2044.60692,2044.60692,1989.48908,1087.74304,1088.70006,1975.80314,2034.84011,2034.84106,35.43997,35.80713,35.59995,26.08299,50.94886,3.14307,23.03791,39.78801,22.20297,36.50093,31.45814,29.80590,45.76778,21.35086,41.69798
1873.27790,944.11707,918.43891,1873.10290,1932.16300,1932.16300,1870.44001,1929.53396,1929.53610,1870.13912,968.39404,969.34819,1858.62398,1917.67097,1917.67097,35.52103,35.88295,35.63023,26.12305,52.60491,3.17597,31.11696,39.88981,22.55702,36.75985,31.49104,30.19190,45.90511,21.71087,41.73994
1775.62404,846.46511,820.79101,1775.40517,1834.46503,1834.46503,1773.13805,1832.23391,1832.23581,1772.75515,871.01817,871.96207,1761.28006,1820.32800,1820.32895,35.55083,35.91990,35.82311,26.45302,52.63805,3.43418,31.18896,40.09891,23.18907,37.01806,31.50511,30.50089,46.03410,22.30597,41.89801
1714.40005,785.24208,759.57108,1714.08010,1773.13805,1773.13900,1712.00204,1771.09909,1771.10004,1711.66301,809.92508,810.86707,1700.14811,1759.19700,1759.19795,35.58087,35.95686,35.90608,26.49188,52.65903,3.44896,31.23593,40.16089,24.55616,37.28795,31.51512,30.80583,46.16284,22.74203,41.95786
1647.06516,717.91101,692.24095,1646.87705,1705.93619,1705.93500,1644.70792,1703.80497,1703.80783,1644.45305,742.71297,743.65187,1633.02779,1692.07692,1692.07692,35.60996,35.99215,36.18503,26.52979,52.69098,3.48401,31.27193,40.35306,24.60217,37.53591,31.52394,31.13317,47.23692,22.77422,42.03796
1521.72184,592.56983,566.90288,1521.04187,1580.10006,1580.09887,1519.59300,1578.69101,1578.69291,1519.43398,617.69104,618.62707,1507.70688,1566.75696,1566.75792,35.64191,36.02290,36.21411,26.71504,52.72102,3.50308,31.30913,40.38596,24.64008,38.92708,31.53300,31.44217,47.27101,22.80903,44.37709
1433.47692,504.32801,478.66392,1433.04896,1492.10501,1492.10501,1431.53119,1490.63015,1490.63206,1431.46896,529.72603,530.65991,1419.54708,1478.59907,1478.59812,39.05797,36.06009,37.49394,26.75796,52.74200,3.75795,31.34203,40.71903,24.66106,39.27088,31.51798,31.65412,47.30201,23.02313,45.05014
1389.23812,460.09207,434.43012,1388.99589,1448.04692,1448.04692,1387.46190,1446.56205,1446.56301,1387.45189,485.70895,486.63807,1375.44608,1434.49807,1434.49807,39.14189,36.09014,37.53901,26.89815,52.81806,3.77703,31.38494,40.90118,24.69087,39.33001,31.50797,31.86584,47.33109,23.05818,45.26591
1318.33887,389.19687,363.53493,1318.10522,1377.15411,1377.15411,1316.46609,1375.56720,1375.57006,1316.55812,414.81113,415.73906,1304.16584,1363.21878,1363.21998,39.24298,36.11898,37.57787,27.01712,52.87814,3.79515,31.41403,41.15820,24.92619,39.67810,31.49199,32.07207,47.35994,23.08893,45.49909
1183.20203,254.06194,228.40309,1183.06994,1242.11693,1242.11693,1181.21195,1307.63388,1306.03981,1181.64182,279.89292,280.81989,5453.46904,4381.04796,3326.15209,39.35003,42.29403,37.77099,27.84109,68.89415,3.81494,31.43597,20.31398,24.95813,38.33795,31.48103,38.76090,21.83819,23.31901,34.89113
1139.05001,209.91302,184.25703,1138.75794,1197.80302,1197.80493,1137.09998,1263.52811,1261.93500,1137.64691,235.89492,236.82189,5409.14106,4336.72500,3281.82912,43.24389,42.69814,38.69390,27.92692,68.99500,4.05788,31.46386,20.38193,24.97196,38.63502,31.46887,39.03580,21.89708,23.36097,34.91998
1026.63589,97.50199,71.84792,1026.34883,1085.39104,1085.39295,1025.05088,1151.48091,1149.88780,1025.67410,123.91901,124.84694,5296.87500,4224.46394,3169.56711,44.18492,42.96613,38.95712,28.00798,69.09204,4.07386,31.49295,20.41101,24.98698,38.69891,31.45814,39.52193,21.93117,23.50497,34.93500
910.74991,947.44992,947.60895,910.46810,969.50722,969.50817,909.28912,1035.72011,1034.13105,3119.04788,968.95480,968.95695,5180.92394,4108.51383,3053.61986,44.99292,43.17689,40.35616,21.88206,69.13400,7.69591,31.52204,20.52212,44.63005,39.04891,10.09893,39.64186,21.95096,48.37680,34.94596
846.44413,972.83506,971.29607,846.39287,905.42984,905.43199,845.42799,971.85802,970.27302,3055.09710,905.00593,905.00712,5117.04111,4044.63196,2989.74299,46.21196,43.66112,40.43484,22.50600,69.84901,21.24810,31.54898,20.57099,44.78693,39.09802,23.42820,39.85000,22.53795,48.41709,34.95908
728.14989,854.54488,853.00088,728.08599,787.11987,787.12296,727.20003,853.62911,852.04720,2936.85293,786.76486,786.76486,4998.90113,3926.49198,2871.60611,46.25320,43.69998,41.18419,22.55917,69.93794,21.27004,31.57806,20.71095,45.65287,39.22296,23.44894,39.92605,22.63188,48.48504,37.02092
648.94795,775.34699,773.79894,648.82398,707.85689,707.85904,647.99500,774.42408,772.85790,2857.73802,707.64995,707.65090,4919.75117,3847.34201,2792.45901,46.28706,43.92695,41.57901,22.74108,69.94009,21.49296,31.60906,21.22593,48.41113,39.25514,23.50187,40.03096,23.56100,48.88582,37.09316
575.39105,701.79200,700.24204,575.58298,634.61304,634.61614,574.92590,701.35689,699.79095,2784.13391,634.04799,634.04799,4846.71402,3774.30701,2719.42711,46.32020,44.07597,44.97886,22.94302,69.94104,21.68179,31.64506,21.26193,48.55108,39.35003,25.66099,40.33113,23.59104,49.03293,37.10198
509.03583,635.43987,633.88586,509.06897,568.09807,568.09998,508.76403,635.19812,633.63218,2717.89694,567.81292,567.81292,4780.56407,3708.15921,2653.28312,46.67306,44.49892,45.11619,23.08607,70.02783,21.96503,31.67295,21.68989,48.61999,39.59489,25.72703,40.39788,23.69595,49.09897,37.11009
381.75201,508.15892,506.60205,381.50215,440.52911,440.53102,381.22511,507.66110,506.09517,2590.63220,440.54914,440.54914,4653.16105,3580.75619,2525.88320,46.68093,44.72923,47.27912,23.30017,70.13988,22.20201,31.69894,21.82102,48.69699,39.81519,25.82097,40.48681,23.76008,49.20888,37.11700
264.78910,391.19601,389.63795,264.64510,323.67015,323.67206,264.33015,390.76614,389.20212,2473.70505,323.62413,323.62318,4535.67004,3463.26518,2408.39505,46.68784,45.10307,47.30582,24.53303,70.76788,22.30501,31.72708,22.04609,48.75112,40.20309,25.83003,40.58313,25.92492,49.34597,37.21309
4417.45400,3344.96498,2290.89999,182.39021,236.01103,241.77313,132.32493,258.76093,257.22909,2342.48710,192.40808,192.40808,4403.97692,3331.57182,2276.70503,188.20000,25.69485,48.63811,24.64914,71.19584,32.60517,21.10195,22.23706,48.82789,40.48991,41.75019,15.52176,25.98095,49.39985,37.32991
4327.78597,3255.30005,2201.23196,93.23215,146.85297,152.61602,41.86606,168.30397,166.77094,2250.98085,100.90280,100.90280,4314.58998,3242.18583,2187.32405,189.34298,25.81596,48.67792,24.83892,71.46311,33.04791,21.37113,22.31812,48.89798,40.72785,41.75091,15.73396,25.99597,49.43395,37.33492
4208.36401,3135.88095,2081.81310,2135.29110,28.59187,34.35493,2129.63796,47.02497,45.48788,4204.50997,3132.33209,4180.33791,4196.36703,3123.96288,2069.10491,189.94904,21.58904,21.35205,57.02305,71.85698,33.59294,24.88589,22.60399,57.89995,40.94100,41.74781,17.68208,26.09110,33.65278,37.39810
4129.78292,3057.30391,2003.23486,4132.66897,3060.31919,2005.05114,4127.98023,3055.43804,2000.41008,4127.60592,3055.42803,4103.43599,4118.92605,3046.52405,1991.66894,190.29212,69.66901,82.34596,57.40118,72.02315,33.92100,45.42518,51.56493,58.08306,41.11600,41.75401,32.43399,33.44107,33.68998,37.45604
4076.79200,3004.31514,1950.24800,4079.38600,3007.03907,1951.77412,4074.96500,3002.42090,1947.39604,4074.65601,3002.47788,4050.48895,4065.78112,2993.37816,1938.52496,190.64713,69.80205,82.54504,57.82509,72.08085,34.15298,46.19288,52.01006,58.26497,41.35585,41.75496,32.46808,33.44297,33.73194,38.24592
3979.47598,2907.00102,1852.93603,3981.99391,2909.64699,1854.38800,3977.60296,2905.05981,1850.03686,3977.20695,2905.02882,3953.03988,3968.51206,2896.10815,1841.25805,190.90295,70.59097,82.66211,58.17580,72.06917,34.39593,46.40794,52.44994,58.67505,41.50510,41.75305,32.49216,35.13408,33.76508,40.70902
3886.01804,2813.54594,1759.48095,3888.36288,2816.01691,1760.75888,3884.22012,2811.67698,1756.65712,3883.97789,2811.79786,3859.81107,3875.11706,2802.71411,1747.86711,191.15710,72.35193,83.01997,58.61998,72.06106,34.61790,46.89503,56.10585,59.00311,41.70990,41.75210,32.51600,35.29310,33.80489,40.87305
3795.52889,2723.05989,1668.99586,3797.70088,2725.35396,1670.09807,3793.88499,2721.33994,1666.32509,3793.66899,2721.48800,3769.50312,3784.78980,2712.38780,1657.54390,191.51306,72.37101,83.13179,58.99405,72.08490,34.86991,47.13607,56.40697,59.48091,41.94093,41.76211,32.58419,35.64095,34.54399,40.88402
3740.10706,2667.63997,1613.57808,3742.03587,2669.68989,1614.43591,3738.60693,2666.06188,1611.04894,3738.38687,2666.20588,3714.22291,3729.62689,2657.22489,1602.38504,191.86211,72.42513,83.16779,59.72505,72.11995,35.08806,47.34802,56.69904,59.88693,43.14113,41.76211,32.84621,35.64000,34.58595,41.06188
3685.81200,2613.34515,1559.28397,3687.52193,2615.17596,1559.92508,3684.38816,2611.84406,1556.83398,3684.25488,2612.07294,3660.09092,3675.49992,2603.09887,1548.26188,192.14392,72.50595,83.30202,60.10008,67.82198,35.32505,47.83297,56.81801,60.35399,43.37120,41.76712,33.00309,35.74109,34.61695,41.19301
3639.65082,2567.18588,1513.12590,3640.98597,2568.64214,1513.39102,3638.11612,2565.57107,1510.56504,3637.92205,2565.74011,3613.76119,3629.31800,2556.91814,1502.08402,192.46387,72.58797,83.46200,60.46009,67.85011,35.49099,48.07401,56.88095,60.52709,43.57815,41.77308,33.06198,35.77781,34.64103,41.20803
3577.55995,2505.09810,1451.03812,3578.45092,2506.10590,1450.86098,3576.16711,2503.62206,1448.62008,3575.58608,2503.40414,3551.42808,3567.21306,2494.81320,1439.98218,192.82198,72.27206,83.62103,60.74095,67.95120,35.81882,48.28882,57.86395,60.91285,43.81704,42.77587,33.16998,35.83312,34.66606,41.21089
3482.47886,2410.02083,1355.96085,3483.20699,2410.86411,1355.62015,3481.20117,2408.65612,1353.65820,3480.34406,2408.16116,3456.18820,3472.31293,2399.91403,1345.08586,70.72711,72.33500,83.73690,61.02896,68.05396,36.03697,48.48886,58.29096,61.08999,44.03901,42.80686,33.19192,36.47208,34.66797,41.20994
3380.28908,2307.83415,1253.77703,3381.16693,2308.82311,1253.58200,3379.01211,2306.46706,1251.47390,3378.21913,2306.03814,3354.06804,3370.16201,2297.76192,1242.93804,70.84990,72.42322,83.85706,61.30409,68.97521,36.45110,48.65503,59.46398,64.46791,44.25287,42.80496,33.31900,38.02609,34.66988,41.22996
3297.84298,2225.39091,1171.33403,3298.74897,2226.40491,1171.16809,3296.78011,2224.23506,1169.24405,3296.19002,2224.00808,3272.04299,3287.99391,2215.59286,1160.77304,70.96601,72.50905,83.97007,61.48219,69.25392,36.90720,48.84696,59.75199,64.50009,44.44504,42.79900,33.39601,38.03015,34.68394,41.37397
3210.40606,2137.95805,1083.90093,3211.45701,2139.11295,1083.87899,3209.59115,2137.04515,1082.05795,3209.05113,2136.86919,3184.90815,3200.78206,2128.38411,1073.56405,193.13884,72.63303,84.08809,61.55705,69.34690,37.12511,49.00908,60.02712,64.55898,44.66319,42.78994,33.47301,38.02800,34.69706,42.47785
3124.30906,2051.86391,997.80703,3125.37193,2053.02787,3101.53699,3123.43311,2050.88806,995.90302,3122.93005,2050.74692,3098.78898,3113.42597,2041.02707,986.21106,193.37988,72.72601,84.28502,61.72419,69.42296,37.30798,49.18504,60.10008,64.58998,44.84916,42.78612,82.79204,38.02109,35.09378,42.48500
3028.11503,1955.67298,901.61610,3029.15406,1956.81000,3005.31816,3027.11511,1954.56910,899.58715,3026.56198,1954.38004,3002.42186,3017.24005,1944.84115,890.02800,193.52102,72.76297,84.44405,61.85484,69.55886,37.34207,49.93105,60.17017,64.78810,45.05587,42.77897,82.87907,38.01107,35.10213,42.98902
2937.86097,1865.42106,811.36489,2938.77792,1866.43291,2914.93988,2936.96117,1864.41517,809.43608,2936.26094,1864.07804,2912.12082,2927.17695,1854.77901,799.96896,193.65096,72.96395,84.65910,61.98716,69.68999,37.63509,50.13895,60.27222,64.88991,45.24112,42.76800,82.92294,38.00297,35.10404,42.99688
2855.70407,1783.26797,729.21109,2856.66704,1784.32417,2832.82804,2854.87819,1782.33218,727.35620,2854.13599,1781.95190,2829.99802,2844.89799,1772.50004,717.69214,193.84789,192.69300,84.69009,62.16908,70.47892,43.23411,50.36092,60.47702,64.92805,45.44711,42.75894,82.96084,37.99486,35.11596,42.99688
2766.57295,1694.14401,640.08403,2767.83586,1695.49179,2743.99590,2766.00003,1693.45403,638.48090,2765.07092,1692.88898,2740.93485,2755.69987,1683.30193,628.49784,194.04483,192.81316,87.68892,62.28900,70.78910,43.46180,50.64797,60.61292,64.96716,45.63785,42.75203,83.18901,37.98795,35.45713,42.98902
2706.47192,1634.04584,579.98490,2707.26490,1634.92179,2683.42495,2706.07114,1633.52513,578.55606,2705.13797,1632.95412,2681.00309,2695.53804,1623.13914,568.33816,194.39793,74.03207,87.72111,62.42299,71.13886,43.66803,50.81701,60.81009,65.00506,45.85195,43.05100,84.00917,37.97889,43.22791,42.98401
2586.24887,1513.82399,459.76305,2586.82799,1514.48488,2562.98590,2585.78181,1513.23795,458.27079,2585.01005,1512.82716,2560.87899,2575.08302,1502.68412,447.88718,194.58413,74.07904,87.74996,62.54220,71.34390,43.77508,51.01609,60.91809,65.03892,46.32092,43.07008,84.04803,37.96816,43.43009,42.97709
2455.16086,1382.74193,328.67789,2455.53398,1383.18992,2431.69093,2454.66995,1382.12609,327.16393,2453.96090,1381.77896,2429.82984,2443.97306,1371.57321,316.78009,195.83607,74.17679,87.77189,62.80017,193.08209,43.82300,51.24402,61.52296,65.10091,46.51594,43.07199,84.07807,37.94503,43.77508,42.97185
2372.16115,1299.74508,245.68105,2372.69497,1300.35186,2348.85192,2371.71912,1299.17407,244.21501,2370.87893,1298.69795,2346.74788,2360.73208,1288.33413,233.54316,196.00916,74.23997,87.79001,62.98614,193.14885,43.91479,51.48697,62.24298,65.13596,47.27101,43.07413,94.41400,37.95099,44.02304,42.99402
2275.90013,1203.48811,2252.13194,2276.36099,1204.01883,2252.51698,2275.60282,1203.05896,2250.75078,2274.89996,1202.71802,2250.76699,2264.31394,1191.91790,137.13002,54.05593,70.67490,27.56596,63.12799,193.22300,67.30509,51.69797,62.94179,65.19508,48.26093,31.91805,94.54513,29.55890,44.13104,42.99498
2140.62095,1068.21299,2116.85395,2140.95521,1068.61401,2117.10906,2140.66291,1068.12000,2115.81588,2139.85896,1067.67797,2115.72480,2129.06194,1056.66399,2104.87890,54.64196,70.69898,34.22904,63.34496,46.53502,67.49392,52.13904,63.13086,65.23204,50.18616,31.93092,94.65408,31.46791,55.31216,31.68797
2059.63492,987.23197,2035.87103,2059.77702,987.43486,2035.93087,2059.40604,986.86218,2034.56020,2058.02107,3256.64091,2033.88596,2047.76382,975.36397,2023.58294,55.04394,70.72902,39.27302,191.61916,46.74196,67.76500,52.58512,63.78388,35.83002,50.34995,31.92711,94.69795,31.56996,62.78396,31.71015
1972.65792,900.25997,1948.89688,1972.67008,900.32792,1948.82298,2067.83700,898.96703,1946.66505,1971.09389,3169.71612,1946.95997,2057.30414,887.95710,1936.17821,55.49788,72.70217,21.78621,191.75911,25.56801,67.95001,53.02811,63.95388,35.95209,50.46511,31.96597,94.83409,31.64411,62.87694,31.74591
1852.43797,780.04408,1828.67813,1852.41604,780.07388,1828.56703,1947.02196,778.15008,1825.85001,1850.58212,3049.20197,1826.44606,1936.64694,767.29894,1815.52386,56.03909,73.37499,21.85798,191.79702,25.77090,68.13788,53.68710,64.58402,36.08799,58.74610,32.00316,94.85102,31.69298,62.91008,31.76689
1728.96600,656.57496,1705.20711,1729.27904,656.93593,1705.42884,1823.87185,654.99783,1702.70085,1727.27799,2925.89784,1703.14002,1813.57098,644.22202,1692.45195,56.53405,65.92107,21.93689,191.86211,25.97690,68.22300,53.88999,64.78810,36.21888,58.78305,33.40411,94.97094,31.77691,62.94203,31.79002
1686.67221,614.28308,1662.91213,1687.04987,614.70699,1663.19895,1781.70490,612.83088,1660.53605,1684.93795,2883.55780,1660.79783,1771.41309,602.06509,1650.29597,57.17897,66.02788,21.98410,191.92290,26.13807,68.32910,54.20494,64.88013,36.33404,58.86817,33.45084,94.98787,31.81815,62.96802,31.80790
1552.36411,479.97499,1528.60498,1552.73390,480.39103,1528.88107,1647.48001,478.60503,1526.31211,1550.53902,2749.15981,1526.39985,1637.27093,467.92197,1516.15691,57.50799,74.23401,22.17007,191.95890,26.25608,68.51387,54.39305,65.34982,36.46898,58.92301,33.48613,95.10303,31.85701,63.00092,31.82793
1453.27711,380.89108,1429.52013,1453.54986,381.20794,1429.69704,1548.23685,379.36187,1427.07086,1451.51401,2650.13385,1427.37293,1537.97793,368.62898,1416.86583,57.90305,74.28598,22.23396,192.05308,26.35980,68.55202,54.61907,65.37795,36.58986,59.00598,33.51998,95.16811,31.89707,65.73510,31.83103
1373.87204,301.49293,1350.11792,1374.24684,301.90587,1350.39186,1468.99819,300.12298,1347.83411,1372.37310,2570.99295,1348.23203,1458.62198,289.27207,1337.51011,58.13813,74.35703,22.40396,192.14392,26.47614,68.65692,54.81315,65.50884,36.71598,59.06296,33.55598,95.38889,31.93498,65.78588,31.85296
1328.28498,255.91898,1304.53396,1328.79519,256.45304,1304.93712,1423.75422,254.88019,1302.59109,1327.22998,2525.85101,1303.08914,1413.61308,244.26198,1292.50216,58.42495,74.42188,22.52316,192.24095,27.48895,68.75610,55.02510,66.18714,36.79180,59.13186,33.58889,95.48092,31.97598,65.80901,31.87203
1273.95010,201.58696,1250.19908,1274.51706,202.17490,1250.65899,1369.51399,200.64020,1248.35205,1272.99500,2471.61508,1248.85321,1359.62605,190.27615,1238.51705,59.29613,74.54801,22.64404,84.60999,27.67515,68.79210,55.23205,66.30707,36.82709,59.43108,33.62203,95.64018,32.01199,65.81616,31.88491
1176.88012,104.51818,1153.13005,1177.41799,105.07607,1153.56112,1271.23594,2373.45195,1150.07615,1174.59893,2373.21901,1150.45595,1262.38203,93.03212,1141.27493,59.77392,74.58901,24.21904,84.81979,27.76289,68.82215,55.45807,39.61682,36.86500,59.88812,33.66494,95.79515,44.91591,65.82403,31.92806
1082.94511,2282.20010,1059.19909,1083.37593,2282.04393,1128.22986,1177.02699,2279.24418,1055.86815,1080.50394,2279.12402,1056.36001,1168.07103,2269.79399,1046.96393,67.73996,193.28809,24.30797,84.95593,28.16582,37.01305,35.05111,39.86907,36.89504,34.55114,56.97393,152.55189,45.18294,65.83500,57.93786
947.07704,2146.33203,923.33198,947.44897,2146.11697,992.30289,1040.99584,2143.21399,919.83795,944.40198,2143.02301,920.25805,1032.01199,2133.73613,910.90608,70.71400,193.32290,24.46413,85.27088,28.22495,37.20617,35.19583,40.18617,36.93414,34.65796,57.36017,152.60911,45.37988,65.83786,57.98101
835.74080,2034.99603,880.96094,2006.44112,2034.26504,921.76819,929.98791,2032.20606,808.83193,2003.90315,2104.50506,919.22021,1995.14699,2022.71605,942.19995,80.25098,23.11707,24.62697,23.28205,26.36695,37.34088,35.34007,40.50803,25.28214,10.86807,42.24992,21.89803,45.47715,29.30093,23.29493
769.66000,1968.91499,814.88013,1941.03503,1968.85490,856.36091,864.76517,1966.98117,743.60800,1938.57908,2039.18695,853.89805,1930.19199,1957.76010,877.24614,80.25098,23.16904,24.80006,23.29302,26.59488,37.49394,35.46596,40.80200,25.34389,10.91409,42.29021,22.22300,45.69006,29.36196,26.04508
713.36818,1912.62102,758.58712,1884.81498,1912.63103,800.13800,808.47597,1910.69198,687.31999,1882.22885,1982.84197,797.55092,1874.07994,1901.64590,821.13194,80.26910,23.19193,24.96099,23.30399,26.69716,37.78481,35.60615,41.03303,25.38085,10.95295,42.32001,29.90603,45.78209,29.48594,26.08800
649.07503,1848.32883,694.29398,1820.58311,1848.39511,735.90493,744.44604,1846.66204,623.29102,1818.04895,1918.66302,733.37102,1810.08697,1837.65101,757.13801,80.29413,23.21887,25.12503,23.41795,27.00877,37.82392,35.73704,41.90993,25.41208,10.99992,48.71917,29.97303,46.10610,29.50907,26.13902
555.58610,1754.83990,600.80504,1727.23103,1755.04494,642.55404,651.15809,1753.37410,530.00712,1724.73717,1825.35100,640.05709,1716.98904,1744.55309,664.04009,73.54307,23.27394,25.22182,23.90695,27.26817,37.86898,35.86912,42.24491,25.42686,9.76706,51.13292,30.19691,46.20099,35.40301,26.17598
491.19806,1690.45186,536.41605,1663.00988,1690.82403,578.33409,586.93004,1689.14700,465.78097,1660.43901,1761.05213,575.75703,1652.71783,1680.28092,599.76888,73.70090,23.28801,25.30694,24.04594,27.40908,38.05900,35.98905,42.33193,25.46597,9.83500,51.21899,30.23696,46.27705,35.55393,26.21603
415.20596,1614.45999,460.42299,2530.60102,1614.71319,2813.03501,510.72311,1612.94007,389.57500,1584.44500,1685.05788,499.76301,1576.83992,1604.40302,523.89002,75.97685,26.72315,25.32792,24.80602,27.63104,38.10191,50.89903,42.51218,25.50292,9.95517,51.40209,28.41282,57.25598,35.72011,26.32594
311.24997,1510.50401,356.46820,2426.52822,1510.63800,2708.96506,406.69608,1508.91209,285.54893,1480.57914,1581.19297,395.89500,1472.78810,1500.35095,419.83700,76.25699,26.73507,25.44594,24.89185,27.77696,38.14697,50.93193,42.73701,25.56396,10.04982,53.85613,28.72801,57.40285,35.93397,26.37315
191.83493,1391.08896,237.05196,2306.95009,1391.05892,2589.38813,287.59313,1389.81009,166.44716,1361.30095,1461.91406,276.61395,1353.29914,1380.86200,300.34804,89.52689,26.72100,25.75493,24.90020,27.99702,38.28382,50.95983,42.81902,25.59400,10.25295,53.92718,29.06299,57.54685,36.19099,26.51501
66.72597,1265.98096,111.94301,2181.67996,1265.78903,2464.11991,162.53901,1264.75596,41.39495,1236.09304,1336.70712,151.40390,1227.90694,1255.46885,174.95489,89.56218,26.70312,25.95282,24.90783,28.13792,38.42497,50.98605,42.93609,25.62785,10.35500,54.01492,29.34504,57.63721,38.23400,26.56579
22.76897,1222.02611,67.98792,2137.72702,1221.83418,2420.16721,1192.68513,1220.70312,164.75916,1192.07287,1292.68503,107.38182,1183.31409,1210.87503,130.36108,89.67805,26.69406,23.74697,24.92619,28.29909,38.51008,51.00894,43.07604,25.66504,10.49709,54.08883,29.67787,22.36485,38.32483,26.63898
1058.79188,1086.78985,54.49986,2004.16780,1088.27400,2286.61084,1058.35199,1086.36904,30.42889,2002.92301,1185.94098,2285.45904,1992.78307,1076.97821,2275.21110,23.20504,26.68786,23.95606,27.09389,23.45109,38.64813,51.03612,43.15400,25.19703,40.82298,23.66996,30.95293,22.45116,37.11104,25.98906
1014.61601,1042.61494,56.11706,1961.15923,1045.26401,2243.60323,1015.20109,1043.21694,33.68902,1959.49697,1142.52210,2242.02895,1949.45097,1033.64491,2231.89187,23.26918,26.67618,24.67513,27.13108,23.84901,38.82790,51.06902,43.25199,25.25997,40.89618,23.28420,30.98488,22.43400,37.17399,26.06010
1869.17996,953.42088,2151.62706,1872.04003,956.14290,2154.48689,1869.77983,954.09489,2152.41504,1870.06497,1053.09296,2152.59409,1859.77006,943.96210,2142.21215,34.78289,27.31705,27.04692,27.37212,24.06001,39.21008,51.09382,43.52403,25.55418,41.09788,32.33099,31.43215,39.09802,37.24098,26.07894
1746.94705,831.17914,2029.38509,1749.85194,833.95290,2032.29809,1747.51210,831.82502,2030.14612,1747.81203,930.84621,2030.33900,1737.68401,821.87605,2020.12610,34.86013,29.07205,27.12488,27.39406,24.22404,39.29996,51.11313,43.60604,25.57492,41.34202,34.84297,31.45695,39.20388,37.36401,26.10111
1695.84894,780.07889,1978.28698,1698.81988,782.91988,1981.26698,1696.28501,780.59602,1978.91903,1696.68603,879.72283,1979.20990,1686.72419,770.92218,1969.16604,35.04610,29.11091,29.66905,27.41599,24.31917,41.41498,51.13292,43.72907,25.58494,41.44001,34.88111,32.30691,39.26301,37.48298,26.13401
1651.74699,735.97693,1934.18694,3692.41500,909.12509,1980.84807,1652.11391,736.42588,1934.74889,1652.67992,835.72078,1935.20188,1642.84301,727.04101,1925.28510,35.24303,34.45005,32.33504,27.45819,24.46914,41.71920,25.40612,43.81800,25.60401,41.72397,34.90281,22.97711,39.40701,37.60505,26.16811
3574.12887,668.33591,1819.13686,3576.96295,793.67900,1865.39698,3575.17004,621.40203,1819.72599,1537.72306,720.76893,1820.24693,1527.75407,1917.87410,1810.20212,30.65586,34.49893,48.34390,27.64392,34.18207,21.85702,25.43306,44.08002,25.88701,21.66915,34.91998,23.06104,40.54809,37.87708,26.19791
3516.90984,611.11689,1761.91902,3519.48810,736.20796,1807.92308,3517.75599,563.98892,1762.31408,1480.46303,663.51414,1762.98714,1470.57199,1860.69298,1753.02291,33.11419,34.54804,49.51715,27.67897,34.29103,22.05491,25.40708,44.52014,25.92492,21.83104,34.93381,23.09585,44.77191,38.00821,26.23200
3460.58297,554.79097,1705.59502,3463.21702,679.93999,1751.65200,3461.38597,507.61890,1705.94287,1424.14689,607.20086,1706.67005,1414.26206,1804.37994,1696.71798,33.19502,34.59406,49.62611,27.79102,34.39188,22.33100,25.56109,45.49193,25.96116,21.95096,34.95097,23.12398,44.98911,38.08498,26.27301
3401.42989,495.63503,1646.44098,3404.01602,620.74184,1692.45195,3402.19593,448.42792,1646.75307,1364.97998,548.04087,1647.50504,1355.00789,1745.12291,1637.46595,33.26201,34.64890,49.63207,27.82106,34.57594,22.56513,25.74396,45.49503,26.02410,23.42796,34.96099,23.15092,45.19105,38.42998,26.30305
3262.18486,356.39000,1507.19690,3264.70399,481.43601,1553.14112,3262.93302,309.16595,1507.49207,1225.73090,408.79488,1508.26597,1215.62600,1605.73888,1498.08788,33.32400,34.71112,49.74508,27.94909,34.61003,23.46206,25.74682,45.49789,26.21508,23.47207,36.01480,23.17905,45.26997,38.47909,26.33810
3203.91989,298.12407,1448.93193,3206.51388,423.25091,1494.95196,3204.67997,250.91290,1449.23902,1167.54794,350.61908,1450.08397,1157.03607,1547.14894,1439.49890,33.38289,34.76286,49.74985,28.00202,34.71088,23.53883,25.74301,45.51291,26.26300,23.50497,36.23509,23.19694,45.31002,38.61094,26.37792
3152.67611,246.87910,1397.68910,3155.25603,371.99616,1443.69411,3153.48005,199.71299,1398.04006,1116.43195,299.50690,1398.96989,1105.76010,1495.87297,1388.22699,33.44321,34.80887,49.81208,28.40996,34.77502,25.58517,25.74205,46.84687,26.40605,23.52285,36.37505,23.22388,45.35007,38.91087,26.93295
3055.36008,149.55521,1300.36712,3058.08783,274.83082,1346.52686,3056.12612,102.35691,1300.68612,3057.17683,202.45981,1393.51797,1008.75592,1398.86689,1291.22400,33.49996,34.85799,50.27819,48.23399,34.93309,25.61307,25.83814,47.54591,26.49498,23.54288,36.55696,23.26894,45.38298,21.41500,27.01306
2992.26284,86.44795,1237.25891,2995.88990,212.63790,1284.32989,2993.07084,39.30187,1237.63299,2994.78793,140.07497,1331.13194,946.68198,1336.79199,1229.15196,33.55718,34.90806,50.27819,48.26283,34.95789,25.62904,26.05700,47.75500,26.60680,23.55981,36.77917,23.29206,45.43710,21.45910,27.11892
2935.27794,29.45995,1180.27186,2940.79590,157.54890,1229.23589,2936.58590,129.14610,1181.14805,2935.10294,80.39498,1271.44909,888.53812,1278.64790,1171.01002,33.61297,34.95193,50.27699,48.30313,35.03299,25.64287,26.12305,25.00510,26.69692,23.58198,36.93700,23.33379,45.47811,21.66700,27.21596
2855.99113,25.86699,1100.98314,2865.02910,81.78711,1153.47099,2859.15899,51.72515,1103.72210,2851.90797,1281.52800,1279.10304,812.47211,1202.58117,1094.94710,33.67591,34.99889,50.27604,48.34390,35.11691,23.76604,26.59202,25.03991,22.21608,23.61417,37.12702,23.36979,45.50886,25.42782,27.37713
2738.00182,1090.43694,982.99193,2747.10298,1126.81389,1035.54487,2740.58199,1092.43298,985.14605,2733.78801,1163.40899,1160.98309,694.38505,1084.49197,976.86100,33.73194,35.04300,50.28296,48.37704,35.19487,24.51086,21.60382,27.62294,22.28999,23.65208,37.30106,27.67301,45.69316,25.43187,27.80199
2662.59003,1015.02204,907.57799,2671.78607,1051.49794,960.22987,2665.60698,1017.45415,910.17103,2658.37193,1087.99481,1085.56890,619.28296,1009.38702,901.76201,33.81586,35.09378,50.33207,48.41805,35.27594,24.55497,21.67702,27.63391,22.77112,23.67496,38.28096,27.72999,45.79091,26.20006,28.18704
2592.20600,944.63706,837.19301,2601.73106,981.44293,890.17487,2595.47400,947.31998,840.03901,2587.87990,1017.50398,1015.07688,548.79785,966.47501,875.20599,33.87022,35.14504,50.75884,48.45405,35.34508,24.59407,21.80505,27.64106,23.23699,25.66195,38.68794,27.76289,47.18304,26.58987,23.42796
2537.93192,890.35892,782.91488,2548.83313,928.54500,837.27813,2540.96603,946.63000,967.87119,2534.81913,964.44511,962.01801,495.98098,963.58514,937.27112,33.91981,47.54210,50.80295,49.20816,35.41088,24.62196,21.84987,24.61410,24.78719,21.96312,38.78117,27.79508,2.97904,27.08197,22.81618
2438.74407,791.16797,683.72488,2449.67794,829.39005,738.12389,2441.92481,847.59402,868.82901,2435.66704,865.29303,862.86497,396.94786,864.55393,838.23991,33.96797,47.64509,52.74415,49.41297,35.49004,24.73688,22.02106,24.65296,24.90211,22.16315,40.19094,27.82083,3.04890,27.13394,22.85814
2386.33204,738.75189,631.30784,2397.35389,777.06599,685.79984,2389.71186,795.38488,816.61701,2383.30102,812.92796,810.50086,344.81883,812.42490,786.11183,34.02090,47.71304,52.75702,49.44611,35.78591,25.86198,22.06087,24.66798,25.00200,22.59111,40.28106,27.86803,3.48997,27.21500,22.87698
2343.96195,696.37990,588.93585,2354.74396,734.45606,643.18991,2347.28885,752.96593,774.19496,2340.85512,770.48206,768.05615,302.55079,770.15686,743.84499,34.07288,47.77288,52.75106,49.54505,35.97403,25.86293,22.21799,24.66512,25.86198,23.00406,40.36784,27.90689,3.64804,27.92907,22.88699
2226.72510,579.13899,471.69614,2237.49900,617.21206,525.94590,2229.94304,635.62298,682.16515,2223.86599,653.49603,651.06821,185.45198,653.05781,626.74594,34.12700,47.83201,52.74606,49.57795,36.10897,25.84815,22.26090,24.65510,25.89917,23.19407,40.64703,27.92501,24.17302,27.92788,22.87793
2151.61490,504.02784,396.58499,2162.23598,541.94808,450.68407,2154.58703,560.26816,606.81415,2148.75197,578.38297,575.95515,110.28004,577.88396,551.57399,34.17277,47.88995,52.74296,49.61205,36.13806,25.83313,22.29500,24.64199,25.93398,23.28300,40.67683,27.95911,24.22309,28.03612,22.88485
2074.30100,426.71108,319.26799,2084.90896,464.62107,373.35706,2077.34489,483.02794,529.57392,2071.68007,501.31106,498.88301,33.14590,500.74887,474.43891,34.22117,47.94192,52.74510,49.64399,36.13806,25.82192,23.26083,24.62912,25.96211,23.34905,40.70210,27.97890,24.24598,28.02515,22.88389
1995.36300,347.77188,309.07702,2005.56612,385.27894,294.01517,1998.60096,404.28400,450.82998,1992.70320,1578.54414,1698.04716,1992.53798,421.98300,419.53015,34.27505,47.99008,52.73604,49.68596,50.64297,25.79999,23.33403,24.62316,28.50294,21.44289,23.42296,27.98390,24.25194,22.48883,24.09601
1943.45212,295.85814,257.16805,1953.37200,333.07719,241.81199,1946.61212,352.29611,398.84400,1940.74798,1526.59297,1646.09313,1940.75513,370.19897,367.74802,34.30510,48.03610,52.72603,49.71600,50.66800,25.81716,23.77605,26.79110,30.98607,29.15406,23.48113,27.99511,24.23501,22.65787,31.58712
1815.25207,167.65404,128.97015,1825.03009,204.73719,113.47318,1818.33816,224.02310,270.57314,1812.56104,1398.40794,1517.90380,1812.58607,242.02991,239.57992,34.35016,48.09093,52.71816,49.75104,50.68493,25.84195,23.80395,26.83210,31.58617,29.18410,23.92983,28.02110,24.23310,22.75991,32.31502
1765.94996,118.35003,79.66900,1775.73395,155.44510,64.17894,1769.04488,174.73006,221.28105,1763.27896,1349.13111,1468.62507,1763.34214,192.78407,190.33504,34.39617,48.14696,52.70195,49.78395,50.69518,25.86412,23.83399,26.86501,31.57306,29.21200,24.36090,28.04899,24.28102,23.09918,32.33624
1655.76005,112.41794,15.28406,1665.55405,45.26615,46.71693,1658.66613,64.35108,110.90207,1653.20492,1239.05993,1358.55508,1653.31411,82.75604,80.30820,34.44219,48.20180,53.50900,49.81184,50.68803,21.55399,26.72100,26.88718,31.79407,29.37913,23.16189,25.50292,24.31607,23.12803,32.34696
1525.92397,1112.07986,1231.59099,1534.70111,1120.93496,1240.37194,1528.77903,1114.55584,1234.00092,1521.86298,1107.72014,1227.21815,1523.34809,1109.24315,1228.69396,34.49011,48.25807,53.52497,49.84903,50.68612,26.66688,27.71902,31.58808,31.78596,30.11489,21.99912,26.13688,25.91109,25.89202,25.99716
1428.66087,1014.82391,1134.33290,1437.19101,1023.43202,1142.86900,1431.99921,1017.78007,1137.22205,1425.04692,1010.90693,1130.40590,1426.12100,1012.02011,1131.46996,34.54304,48.30909,53.51901,49.87907,50.68493,26.69811,28.55706,32.35412,31.79002,30.38502,22.23897,26.15499,25.96283,25.92802,26.04795
1337.49580,923.66290,1043.16998,1345.71099,931.95891,1051.39589,1341.03513,926.81503,1046.25511,1333.84800,919.70992,1039.21199,1334.83505,920.73989,1040.18903,34.58619,48.35105,53.52497,49.91007,50.91882,26.69287,28.87893,32.35698,31.86607,30.38192,22.45498,26.17598,26.05486,25.95210,26.11303
1229.12979,2038.65385,1935.22501,1238.45506,824.71013,944.14711,1234.11894,819.90504,939.34512,1226.92323,812.78801,932.29222,2497.45107,2065.65309,1962.53514,49.53313,48.39110,53.50804,49.94798,24.76692,22.50504,28.88894,32.40991,32.13716,26.71003,21.95787,26.22104,26.07012,25.97404,27.11201
1162.89902,1972.44906,1868.99495,1172.36900,2010.33401,1907.23205,1225.67892,1977.43106,1873.70586,1160.93183,746.79995,866.30392,2431.56004,1999.75991,1896.64102,49.57414,49.70002,26.21198,49.98016,25.14410,22.85004,22.47095,24.61219,32.13501,26.73411,22.03202,24.48392,25.64597,25.99096,27.22001
1031.73089,1841.31289,1737.82587,1040.31992,1878.28803,1775.18511,1094.32507,1846.09914,1742.35201,1029.66690,615.54098,735.03995,2300.43602,1868.63494,1765.51485,49.61085,49.74389,26.25895,50.01402,25.33102,23.07105,26.35002,24.67704,32.12595,26.75915,22.41302,24.58286,25.88201,26.00908,27.78411
908.67209,1718.28008,1614.76707,917.03081,1754.99892,1651.89600,970.82996,1722.62692,1618.85595,906.22520,492.10405,611.59611,2177.19102,1745.38898,1642.27009,49.64995,49.90196,26.32618,50.04501,25.54202,23.27800,26.38102,24.76096,32.11999,26.79086,22.44687,24.60790,25.93708,26.02887,30.95794
826.68805,1636.32011,1532.78208,834.79118,1672.75906,1569.65399,888.58294,1640.40399,1536.60893,824.05019,409.93404,529.42109,2094.99311,1663.18297,1560.06312,49.69501,52.21677,26.38984,50.12298,25.80810,23.54407,26.38507,24.83296,32.22585,26.80802,22.53819,24.63102,26.05510,26.03698,31.08597
777.52090,1587.17299,1483.61087,785.34889,1623.31796,1520.21408,839.35094,1591.19582,1487.37502,774.72806,360.61692,480.09801,2045.80402,1613.99388,1510.87093,49.73602,52.25706,26.44181,50.15802,26.14188,23.57697,26.38793,24.92380,32.27592,27.44699,22.81904,24.64294,26.12615,26.05200,31.16417
656.42691,1466.10188,1362.51688,663.91611,1501.88398,1398.77892,718.31918,1470.18909,1366.34302,653.52082,239.41684,358.89101,1924.41297,1492.60187,1389.47606,49.77512,52.28996,26.66092,50.29511,26.44396,23.70811,26.39008,24.95599,32.28784,27.75812,23.36693,24.65796,26.28016,26.06606,31.28505
591.40587,1401.10397,1297.49393,598.60706,1436.57494,1333.46987,653.15318,1405.04718,1301.17702,588.35816,174.25704,293.72907,1859.16686,1427.35386,1324.22686,49.81804,56.92697,26.84498,50.32802,26.49283,23.79298,26.42703,25.05803,32.30786,27.84991,23.77796,24.67704,26.41892,26.08490,31.31413
532.27592,1341.99691,1238.36398,539.46710,1377.43306,1274.32704,594.02490,1345.93892,1242.04898,529.16694,115.07297,234.53808,1800.03786,1368.22295,1265.09404,49.86191,56.95796,27.06099,50.47512,26.91889,23.87714,26.46184,25.15316,32.34506,27.95196,23.95105,24.71495,26.47686,26.12901,31.32892
490.06701,1299.81089,1196.15412,497.42508,1335.39295,1232.28502,551.75400,1303.67208,1199.77713,486.89985,72.80993,192.27004,1757.97701,1326.16186,1223.02890,49.90697,56.98109,27.15993,50.55690,26.95894,24.30892,26.49188,25.24304,32.40204,28.04494,24.15991,24.74785,26.61085,26.25513,31.35800
437.82210,1247.58911,1143.90802,445.19520,1283.16307,1180.05419,499.42303,1251.34397,1147.44616,434.67283,20.58887,140.04302,1705.73306,1273.91696,1170.78090,49.94583,57.00588,27.95410,50.62008,26.99089,24.33109,26.51906,25.23899,32.43899,28.15890,24.29390,24.78504,26.74198,26.37601,31.38900
294.80791,1104.59900,1000.89288,303.87998,1141.84785,1038.73897,358.16407,1110.08716,1006.18601,380.14698,1077.75903,976.10211,1564.62193,1132.80487,1029.66690,49.98493,57.02901,28.60308,24.56713,27.03404,24.36614,26.53289,25.27595,21.40403,28.25809,24.94812,24.81890,26.87311,21.37303,31.41904
275.74992,1027.47893,923.74802,226.30310,1064.27193,961.16304,280.81203,1032.73606,928.83301,302.12498,1000.55289,921.50593,1487.55789,1055.73893,952.59786,26.12400,57.04999,28.61309,25.09093,27.07410,24.44100,26.55506,25.33007,21.20209,28.32103,25.15197,24.85299,27.38905,29.54602,31.44717
175.50015,1027.23908,794.81101,97.20302,935.17303,832.06201,151.48211,903.40900,828.48215,1355.88288,870.95690,1971.57192,1358.37007,926.54896,823.40503,22.01486,57.07002,28.62406,28.69391,27.97103,21.96503,26.57104,25.35987,26.59297,28.44596,25.29693,24.89495,24.57309,23.28610,31.47411
31.83198,883.57902,651.14403,64.02516,791.08405,687.97112,1222.43500,762.23803,687.30092,1213.72104,728.79505,1829.41604,1213.94897,782.12595,678.98083,22.12405,23.57006,35.07590,28.77498,27.99392,22.68100,26.58606,28.88703,26.64495,28.53179,25.92421,24.93787,25.24805,23.32807,31.50201
1142.32898,810.64606,578.20606,1149.43600,717.42892,614.31384,1148.96488,688.76886,613.82580,1139.20617,654.28114,1754.90403,1140.94400,709.12004,605.97110,33.70500,28.98812,35.13598,28.85413,28.01299,22.72391,26.60084,28.90682,26.67999,28.61190,30.04193,30.93600,30.39694,23.32401,31.52800
1034.07311,702.39091,469.94805,1041.12697,609.12299,506.00505,1040.86185,580.66583,505.71990,1030.86495,545.94111,1646.56711,1032.91488,601.09091,497.93983,34.27410,29.19698,35.21204,28.87511,28.02610,22.74108,26.61920,28.91517,26.71599,28.65815,30.07507,31.02493,30.49397,23.33403,31.54683
969.70701,638.02695,405.57909,976.87006,544.86799,441.74814,976.79400,516.59703,441.64681,966.45713,481.53400,1582.16310,968.60790,536.78393,433.62904,34.34396,33.11992,35.30192,28.99194,28.04899,22.78209,26.64995,28.90301,26.75104,28.71799,30.10321,31.09217,30.56502,23.63300,31.55708
885.63490,553.95484,321.50388,892.80009,460.79993,357.68008,892.89904,432.70206,357.74803,882.14612,397.22395,1497.85399,884.47905,452.65293,349.49493,34.63697,33.21409,35.35891,29.02007,28.31411,22.80903,26.66903,28.89109,26.79205,29.23799,30.14088,31.30889,30.61199,23.66185,31.57091
776.74603,445.06693,212.61001,783.69999,351.70197,248.58308,783.81801,323.61913,248.66104,772.97091,288.04898,1388.68308,775.28906,343.46414,240.30209,34.69801,33.27918,35.42709,33.06794,28.33700,22.85385,26.68786,28.90086,26.83401,29.29711,30.17807,31.34084,30.67207,23.88000,31.58712
635.59699,303.92003,71.45810,641.98804,262.92109,1257.70593,642.45009,182.25002,1258.22997,631.86193,146.94190,1247.57886,633.93998,202.11387,98.94991,34.90591,33.45585,36.36694,33.19597,28.34988,22.88079,24.31011,31.44503,26.88313,29.63400,30.20716,24.14298,27.12202,24.11199,31.64601
547.56784,215.89303,1163.30981,557.78718,178.72500,1173.50817,558.30503,98.10495,1174.08609,547.53900,241.25290,1163.26189,547.36185,115.53884,1163.18107,35.67886,33.70094,36.44896,34.17802,28.52893,26.71313,24.32990,31.47984,22.20893,30.32899,25.91491,24.92309,27.13895,24.27912,25.48289
433.51078,101.83883,1049.25394,444.81802,65.76109,1060.54401,441.39600,39.46710,1057.17707,434.80682,128.52693,1050.53401,433.59804,78.58205,1049.42107,35.76708,33.74100,36.91220,34.24001,28.61309,27.06504,24.53494,23.28587,22.30501,24.29819,25.99192,25.18892,27.12798,24.41788,26.09015
352.92006,21.24619,968.66107,364.14194,82.06105,979.87103,363.36803,1131.08706,979.15006,356.73499,50.45986,972.46599,1602.72717,1148.82708,970.71314,35.84290,34.59620,37.03809,34.35111,24.67299,27.42195,24.47581,25.04897,22.37391,23.11897,26.01099,25.22087,27.11391,24.63102,32.51290
1539.62803,1085.86597,907.78208,303.11108,21.04092,918.84398,302.50788,1070.22786,918.28895,2752.25997,1116.37306,941.23101,1541.01992,1087.11791,909.00588,22.58706,34.65009,37.10604,28.55301,24.70899,25.11811,24.51611,25.08903,21.34013,25.34294,31.97598,25.24281,27.11391,21.89398,32.51791
1441.67900,987.91504,809.83210,2661.91006,999.04990,2221.06695,204.71001,972.42999,820.49203,2653.76902,1017.87996,842.74006,1443.17198,989.26806,811.15818,22.58992,35.33411,37.42290,28.55706,24.74213,25.16007,26.48187,25.10905,21.47198,25.36011,32.02200,22.28308,28.11003,23.28205,32.51696
1355.62301,901.85881,723.77586,2575.69909,912.84013,2134.85718,118.83616,886.55615,734.61914,2567.74807,931.85902,756.71721,1357.10621,903.20206,725.09408,22.59588,35.35104,37.45985,28.67913,24.74594,25.27499,29.87504,25.12193,21.51990,25.64406,32.04608,22.31598,28.80597,24.34397,32.51505
1225.52896,771.76499,593.68300,2445.73808,782.88007,2004.89807,1210.56008,756.64997,657.81403,2433.52008,797.63007,622.48707,2435.40502,2112.68401,3049.80302,22.60089,35.37011,23.36597,28.70297,28.75590,25.27308,29.91509,25.13003,21.70920,23.57507,32.07111,22.45307,22.95184,25.44117,26.07298
1139.47296,685.70805,507.62796,2359.52711,696.67006,1918.68901,1124.43900,670.52197,571.68698,2344.61594,708.72784,533.58197,2349.18022,2026.45516,2963.57512,22.61591,41.71801,23.39387,35.32910,28.81598,25.23279,30.12800,25.13909,21.75593,23.97799,32.08995,22.48502,23.29302,25.52414,26.13497
1097.16511,643.40115,465.32321,2317.11602,654.25897,1876.27912,1081.91299,627.99215,529.15502,2302.43301,666.54491,491.39905,2306.90098,1984.17306,2921.29302,22.62306,41.76903,23.49997,35.37798,28.83697,25.24090,30.15304,25.14887,21.89994,24.66106,32.10711,22.61186,23.89908,25.58398,26.16620
1017.86304,564.09812,386.02304,2237.79202,574.93591,1796.95702,1002.60210,548.67315,449.83602,2223.25897,587.36992,412.22405,2227.54002,1904.80709,2841.92705,22.65692,41.79096,23.67616,35.38895,28.85389,25.39492,30.17211,25.15602,22.29595,25.78807,32.10402,22.64094,23.95415,25.63620,26.18694
966.71987,512.95590,334.88178,2186.53297,523.67878,1745.69988,951.42102,497.48802,398.65208,2172.24908,536.36003,361.21511,2176.09692,1853.35898,2790.49206,22.67003,41.80098,23.69118,35.57897,28.87201,25.38991,30.34401,25.16508,23.58389,26.83091,32.10092,22.76993,24.74809,25.69509,26.20983
899.57094,445.80698,267.73500,2119.57192,456.71678,1678.73979,884.31406,430.37701,331.54106,2105.02601,469.13695,293.98894,2108.78897,1786.04603,2723.18006,23.69118,43.97106,23.69094,35.59184,28.88799,25.39992,30.37000,25.20204,23.71502,27.13895,32.09901,22.79902,26.91197,25.75397,26.23510
763.26585,309.50189,131.43206,1983.42919,320.57500,1542.60015,748.14796,294.20495,195.36805,1968.92810,333.04095,157.89008,1972.65315,1649.90401,2587.03899,23.70906,44.12603,23.66781,35.72893,28.90515,25.41018,30.39694,25.21992,23.98300,27.30989,32.09710,22.92395,26.93892,25.86389,26.24917
662.96697,209.20396,31.13508,1883.23808,220.38317,1442.40808,647.80092,193.85481,95.01481,1868.84999,232.96285,57.80983,1872.52808,1549.77489,2486.91201,23.71597,44.22688,23.65589,35.74705,28.92208,25.41995,30.70784,25.22922,24.22309,27.41790,32.09496,23.08202,26.93105,25.90895,26.26514
588.39512,134.63116,36.55505,1808.41708,145.56313,1367.58900,573.54093,119.59100,20.74790,1794.95597,159.06882,1354.19488,1796.72503,1473.96684,2411.10587,23.72408,44.24095,24.05906,35.75993,28.94020,25.42996,30.73311,25.23398,25.33102,27.52018,23.25487,23.31805,26.92103,21.71421,26.28708
544.99912,91.23516,1287.86016,1765.50508,102.65303,1324.68009,530.75409,76.79915,1299.53122,1752.19011,116.30201,1311.43212,1753.62897,1430.86481,2368.00480,23.74101,44.47794,24.35589,35.82406,28.95594,26.16882,30.89404,27.26412,25.45309,27.61889,21.94285,23.39911,22.87292,21.81792,26.30997
465.45386,63.62200,1208.32491,1686.55491,23.70095,1245.72992,451.87402,1336.66301,1220.64805,1672.49513,36.60703,1231.73904,1673.74992,1350.97790,2288.11789,23.74911,44.48891,26.43085,35.93016,28.97000,23.43178,30.96199,24.67608,26.23987,27.68993,22.36819,23.47398,24.26004,22.01486,26.34501
367.01393,1225.93784,1109.88998,1587.43405,1264.42003,2201.73693,353.95312,1238.73806,1122.72406,1574.49102,1224.47681,2188.77101,1575.03200,1252.25186,2189.39209,25.84600,47.09005,26.43204,42.67311,28.98598,24.34015,24.96910,24.83582,24.82200,27.61197,22.39799,28.92184,24.28508,28.02896,26.37887
305.76491,1164.68811,1048.64311,1526.22104,1203.20702,2140.52391,292.32121,1177.11616,1061.09405,1513.31019,1163.30099,2127.59018,1513.76605,1190.98496,2128.12614,27.19188,47.12987,26.39794,42.67406,29.00791,24.49608,25.46501,24.93691,26.02696,27.71211,22.56012,28.95713,24.29914,28.05591,26.41296
225.36612,1084.28812,968.24813,1445.73593,1122.72286,2060.04000,211.84587,1096.63987,980.64995,1433.28190,1083.27603,2047.58096,1433.54797,1110.76713,2047.90807,27.18997,47.14704,26.37386,42.64116,29.11019,24.59097,25.87199,25.23708,28.67913,27.78006,22.59088,29.08206,24.30391,28.07999,26.43919
116.07695,1002.01011,858.95896,1336.41410,1013.40103,1950.72103,102.17714,1013.98516,870.97907,1324.08285,974.08104,1938.38406,1324.51200,1001.72806,1938.86900,27.17590,47.16516,26.32999,42.64998,29.12903,24.16110,29.05917,25.16699,28.69987,27.87209,22.66002,34.43408,24.31297,28.10502,26.46184
38.03515,874.66812,731.62007,1207.78704,884.77492,1822.09706,26.70312,886.46817,743.46399,1195.56093,845.56103,1809.86309,1197.23201,874.44115,1811.58304,22.85099,47.18399,23.35620,42.66310,36.05485,24.21498,29.11615,25.19417,28.68986,27.94600,22.97997,34.48391,24.32585,28.12910,26.51286
3299.04389,1948.09580,1766.05392,1125.80109,802.78993,1740.11302,1125.71502,832.35908,3888.04507,1113.60979,763.61084,1727.91386,1114.05492,791.26000,1728.40405,28.84603,47.19901,27.12703,42.67788,36.07202,27.68302,29.12092,21.94095,28.66983,28.90587,24.33419,34.52682,37.63795,28.15986,26.54004
3235.88204,1884.93586,1702.89397,1062.94584,739.93587,1677.26088,1062.89101,769.49906,3825.19221,1050.57597,700.58012,1664.88194,1050.98701,728.18708,1665.33017,33.00810,47.20807,27.17805,42.69099,36.08394,27.94600,29.13499,22.00913,28.65100,28.92709,24.41287,34.56807,38.69295,28.18084,26.56698
3109.69806,1758.75401,1576.71213,3120.16106,1769.17291,1587.14700,937.04009,643.61501,3699.31293,924.37291,574.37897,1538.67984,924.69692,601.89295,1539.03699,33.09393,26.91698,27.20904,44.42596,36.09896,28.13292,22.96877,22.97497,28.64313,28.94092,24.52898,26.03197,39.92987,28.20182,26.59392
3029.41203,1678.46990,1496.42801,3040.04788,1689.06283,1507.04288,856.94194,563.47895,3619.18497,844.16509,494.17305,1458.47321,844.61904,521.81506,1458.95910,33.94389,26.94893,27.23479,44.45696,36.20505,28.28884,23.02599,23.07510,28.63479,28.95212,24.92213,26.11995,40.43794,28.22995,26.62301
2933.08496,1582.14402,1400.10309,2943.74108,1592.75603,1410.73799,760.79893,467.30399,3523.01502,747.91002,397.92013,1362.21814,748.27790,425.47488,1362.61892,33.97202,26.97992,27.29201,44.50893,36.20696,28.89609,23.11087,23.18907,28.62978,28.96810,25.09093,26.16000,40.90405,28.25212,26.65305
2883.71706,1532.77802,1350.73614,2894.36007,1543.37597,1361.36007,711.38501,417.87601,3473.59490,698.52996,348.54198,1312.83808,698.81701,376.01495,1313.15994,34.54995,27.01902,27.30608,44.56878,36.21292,28.93710,23.49591,23.32711,28.62096,29.18887,25.24686,26.30711,41.28313,28.78094,26.67713
2794.49177,1443.55392,1261.51299,2805.10688,1454.12397,1272.10808,622.17498,328.66001,3384.38392,609.26795,259.28187,1223.57798,609.63702,286.83496,1223.98114,34.57904,27.05598,27.32205,44.67201,36.37290,29.02198,23.52619,23.62490,28.61595,29.29902,25.40207,26.41606,41.66007,28.81718,26.70598
2731.40001,3613.84106,3310.24098,2741.89091,1390.90896,1208.89378,558.94685,265.42401,3321.15483,546.19408,196.21110,1160.50506,546.44299,223.64211,1160.78901,38.55205,27.07100,27.33493,44.82317,36.43298,50.53306,23.55003,23.74101,28.58591,29.37102,50.00997,26.52407,41.94188,28.83601,26.74198
2683.19416,3565.63807,3262.03799,2693.44902,1342.47088,1160.45380,510.55598,217.02695,3272.76301,497.86091,147.87984,1112.17284,498.14415,175.34399,1112.49304,39.92796,27.16899,27.35186,44.87300,36.44419,50.60506,23.64898,24.00494,28.57900,30.51805,50.42195,26.60990,42.32717,28.85413,26.77298
2550.89188,3433.34103,3129.73905,2561.09309,1210.11806,1028.10001,378.24893,84.71584,3140.45787,365.51499,15.53607,979.82693,365.90505,43.10608,980.25489,39.97207,27.19688,27.36497,44.89899,36.50284,50.63605,23.87595,24.56307,28.57184,30.56192,50.51708,26.73292,45.44902,28.86486,27.99606
2416.69393,3299.14594,2995.54491,2427.06800,1076.09391,894.07682,244.08913,1076.96509,3006.29616,231.41408,1064.05807,845.72697,2415.26008,1064.41212,2994.11702,40.01307,27.38309,46.47803,48.05493,24.48106,50.70305,23.94199,22.30597,28.94306,25.39611,51.55587,26.83020,45.68577,35.86197,47.51611
2365.40890,3247.86496,2944.26203,2376.17993,1025.20704,843.19091,192.92307,1025.79498,2955.13201,180.37200,1013.01694,794.68608,2364.19296,1013.34715,2943.05301,40.05599,27.43483,46.58103,48.07210,24.55711,50.74883,24.05810,22.49098,29.03390,32.35292,51.56589,26.94893,45.91012,35.87294,47.56379
2314.34512,3196.80405,2893.20207,2325.03510,974.06411,792.04798,141.63709,974.50399,2903.84698,128.95393,961.59792,743.27087,2312.85596,962.01205,2891.72006,40.10010,27.63700,46.72813,48.09785,24.59502,50.77291,25.17891,22.67814,29.06585,32.47094,51.54800,27.05717,46.27204,35.88009,48.57612
2224.08199,3106.55499,2802.94085,2234.67112,883.70109,701.68495,51.30291,884.16195,2813.50803,2222.07189,3104.33483,652.88377,2222.71204,871.86790,2801.57804,40.13395,27.68803,46.78082,27.78697,24.62697,50.82798,25.26999,22.99094,47.31107,33.45108,51.57614,27.17590,46.57412,35.88200,48.61712
2127.33889,3009.81498,2706.20084,2137.42089,3019.48094,604.43687,2137.94708,786.98993,2716.34293,2125.18215,3007.44700,555.99904,2125.94891,775.10691,2704.81706,40.17115,27.92001,25.73991,27.90999,24.66607,50.98319,31.69298,23.82302,47.29605,33.46896,51.60403,27.31395,46.84901,35.88700,48.65193
1985.64506,2868.12210,2564.50915,4077.42596,2877.92587,462.87990,1995.74494,2877.91896,2574.15104,1984.54595,2866.81390,415.36784,1985.17299,634.33409,2564.04400,40.20286,30.70688,29.54698,27.96507,24.70493,51.09310,31.84319,32.33981,47.35017,33.47707,51.64886,27.41909,47.40000,35.88915,48.72417
1883.38304,2765.86294,2462.26001,3975.24405,2775.72322,360.67605,1893.57996,2775.75588,2471.99202,1882.62916,2764.89902,313.45510,1883.09097,532.25183,2461.96389,40.24315,30.73597,29.65593,28.10001,24.74403,51.19705,31.88586,32.80497,47.58906,33.47898,51.63813,27.50301,47.56188,35.89296,48.78497
1785.08306,2667.56701,2363.96599,3876.96290,2677.42085,262.37297,1795.40420,2677.58298,2373.82317,1784.51180,2666.78476,215.34181,1784.86300,434.02481,2363.73878,40.29489,30.73502,29.97208,28.39589,24.79506,51.22399,32.02105,32.83691,47.71900,33.48088,185.04810,27.62079,47.65081,35.89702,48.83480
1740.65280,2623.14200,2319.54384,3832.78513,2633.23617,218.18709,1750.96488,2633.14700,2329.38981,1740.12804,2622.40291,170.96305,1740.10491,389.27078,2318.98499,40.38906,30.73597,33.47802,28.42903,24.83511,51.26190,32.05585,32.96590,47.83416,33.48804,185.08196,27.70400,47.71900,35.89916,48.85101
1662.17995,2544.67201,2241.07790,3754.49800,2554.94714,139.89711,1672.62506,2554.80790,2251.05691,1661.77082,2544.04998,92.60988,1661.64017,310.80794,2240.52310,40.42411,30.73597,34.06286,28.77092,24.87087,51.42403,32.19008,32.99689,48.12813,33.49495,185.11605,27.82798,47.80388,35.90012,48.93684
1571.76614,2454.26297,2150.67005,3664.35719,2464.80513,49.75414,1582.44681,2464.63299,2160.88581,1571.44809,2453.73011,2150.05422,1571.38991,220.55984,2150.27499,40.45892,30.73692,34.51300,39.11996,24.90687,51.43690,32.21989,33.12302,48.18010,33.49900,185.14299,27.93312,47.86682,47.52088,48.96593
1432.81198,2314.88895,2011.29889,3570.35398,3311.31601,4046.96393,1443.11094,2325.29902,2021.55685,1432.15704,2314.44192,2010.77700,1432.15418,81.32505,2011.04212,40.48705,22.65692,34.82389,39.18600,25.43092,51.47386,30.67708,33.28395,48.27809,33.50306,185.18186,31.71802,48.22588,47.64199,49.33000
1295.52698,2177.60301,1874.01700,3433.22802,3174.19100,3909.84797,1306.06198,2188.25412,1884.51600,1294.87205,2177.16002,1873.49415,1295.03489,2177.51598,1873.92592,40.55810,22.91799,34.83605,39.26206,40.57384,51.50294,30.67207,33.36596,48.35105,50.00401,185.33683,31.74520,48.25997,47.78099,49.38483
1171.22102,2053.29800,1749.71604,3309.24010,3050.20308,3785.86411,1182.01494,2064.20803,1760.47397,1170.71700,2053.00689,1749.34196,1170.26091,2052.74701,1749.15600,40.63201,22.97401,35.40897,39.37387,40.69591,51.56302,30.66397,33.47087,48.44594,50.02213,185.52995,31.77905,48.32387,47.79196,49.70407
1029.94299,1912.02307,1608.44398,3167.56821,2908.53405,3644.19603,1040.42816,1922.62411,1618.89505,1029.38104,1911.67498,1608.01005,3110.87298,1911.55791,1607.96690,40.76815,23.11683,35.42495,39.43205,33.67710,51.69415,30.66206,33.79607,48.51985,50.06504,185.82296,31.80504,48.46501,47.84203,50.04787
955.87301,1837.95404,1534.37805,3093.62602,2834.59187,3570.26196,3048.48099,1848.65093,1544.92998,3037.13512,1837.81695,1534.15298,3036.95607,1837.64005,1534.04903,40.82417,23.23985,33.10800,30.72906,33.68497,51.72491,30.65705,33.80990,48.61903,50.08101,186.01084,31.83413,49.37100,48.24400,50.08101
909.90496,1791.98885,1488.41596,3047.86801,2788.83505,3524.51015,3002.58303,1802.75202,1499.03512,2991.25791,1791.93711,1488.27291,2991.11199,1791.79716,1488.20400,40.90810,23.92602,33.30803,30.74503,33.68497,51.80192,30.65515,33.92816,48.80595,50.09985,186.13601,31.86679,49.43204,48.46716,50.17614
781.78811,1663.87296,1360.30412,2919.70301,2660.67004,3396.34705,2874.47286,1674.64089,1370.92900,2863.24096,1663.91611,1360.25214,2863.03997,1663.72490,1360.13198,40.96794,24.10102,33.29206,30.76291,33.68020,51.82695,30.65109,34.04593,48.88105,50.12393,186.37395,31.88896,49.45397,49.97110,50.28510
702.45600,1584.54108,1280.97606,2840.24501,2581.21300,3316.89310,2795.15600,1595.32189,1291.61382,2783.95414,1584.62906,1280.96414,2783.74100,1584.41591,1280.82204,41.07118,24.31798,35.82907,30.78103,33.68282,51.88298,30.65300,34.13582,49.00599,50.14491,186.43403,31.91900,52.63090,50.19712,51.13506
621.05012,1503.13807,1199.57519,2759.13215,2500.10204,3235.78906,2713.89794,1514.06193,1210.35790,2702.52299,1503.19695,1199.53299,2702.37088,1503.04198,1199.44692,41.13007,24.77193,35.97498,30.79891,33.64897,51.93400,30.69115,34.85608,49.10398,50.32420,186.57088,31.97789,52.64091,50.23789,51.27716
541.86106,1423.94996,1120.39113,2679.89802,2420.86697,3156.55994,2634.70316,1434.86500,1131.16717,2623.40689,1424.07990,1120.41593,2623.23689,1423.90394,1120.30888,41.21017,25.24400,36.23605,30.81608,33.65088,51.98693,30.68900,35.41398,49.18385,50.33612,186.66506,40.88402,52.64497,50.56596,51.64003
420.40110,1302.49214,998.93713,2558.63118,2299.60203,3035.30216,2513.48090,1313.63988,1009.94802,2502.12288,1302.79589,999.13192,2501.81293,1302.47688,998.87991,41.27288,25.52390,36.39102,30.83301,33.64921,52.10400,30.71404,35.67123,49.30115,50.36116,186.77711,41.14103,52.78611,50.58193,51.66912
350.98195,1233.07610,929.52418,2489.15815,2230.13115,2965.83295,2444.01217,1244.16900,940.48309,2432.84202,1233.51383,929.84986,2432.37400,1233.03199,929.43621,41.36395,25.63500,36.52382,33.62703,33.64921,182.79099,30.74288,35.67004,49.33214,50.52495,186.85889,41.30578,52.83713,50.59218,51.83578
286.79705,1168.89191,865.34286,2424.66211,2165.63606,2901.33905,2379.52209,1179.67892,875.99707,2368.68596,1169.35682,865.69381,2368.16597,1168.82014,865.22412,41.43715,25.75994,37.02497,33.64897,33.64897,182.85894,31.05307,35.68506,49.46303,50.57192,186.96618,41.58092,52.89698,50.66609,51.84293
227.79489,1109.89189,806.35405,2365.36813,2106.34208,2842.04912,2320.31012,1120.45312,816.77699,2309.70407,1110.37517,806.71120,2309.17501,1109.82299,806.22697,41.61787,25.82288,37.00399,33.67996,33.65016,182.89089,32.87911,35.68411,49.50500,51.16796,51.21207,41.62502,52.95300,51.88394,183.95996
103.73187,985.83007,682.29103,2240.84091,1981.81701,2717.52596,2195.96815,996.10615,692.45005,2185.45794,986.12905,682.46508,2185.02021,985.65602,682.05810,41.71395,25.88797,36.98397,33.68211,33.64706,183.16197,33.55098,46.59915,49.65687,51.20301,51.25213,41.67604,52.94394,52.11091,185.61101
2045.95613,1860.44002,2567.84916,2101.60589,1842.58199,2578.29785,2055.59492,855.72815,552.07896,2089.89787,1830.68204,2565.96208,2044.34204,844.97404,541.37588,36.63993,26.14307,36.96394,28.24521,33.64611,27.14801,33.60820,46.65899,30.50089,51.31602,41.90016,41.70012,53.00498,27.57502,186.42688
1937.78896,1752.26593,2459.67698,1993.42704,1762.87413,2470.12401,1947.52097,747.65015,444.00501,1981.19497,1721.98105,2457.29399,1935.95791,1750.80705,2458.12798,36.89218,26.17002,36.97801,28.30005,33.71191,27.59600,23.09608,46.74482,30.53808,30.28607,42.00983,41.73183,52.99497,27.65989,42.73295
1892.36116,1706.83098,2414.24298,1948.16399,1717.61203,2424.86596,1902.24099,702.36707,398.72599,1935.81486,1676.60093,2411.92603,1890.68007,1705.51991,2412.84490,36.90600,26.19696,36.99398,28.49293,33.71215,29.78110,23.80490,46.80777,30.55906,30.37786,42.25802,41.75997,52.99020,28.22709,43.49208
1780.12204,1594.58494,2301.99885,1835.85215,1605.29900,2312.56413,1790.19499,590.31606,286.67903,1823.47798,1564.26501,2299.59607,1778.58996,1593.42194,2300.74787,37.20784,26.32499,37.02998,28.64194,33.71382,29.79803,34.46007,47.05501,30.57694,33.69379,42.58490,42.27901,53.54095,28.27692,45.99786
1681.92196,1496.37580,2203.79281,1737.44082,1506.88696,2214.15782,1691.96296,492.07902,188.44795,1725.47603,1466.26401,2201.59912,1680.65214,1495.47601,2202.80409,37.35304,26.34788,37.29296,28.82004,33.71501,29.82092,34.46698,47.12391,30.60794,33.80585,43.98894,42.31191,53.54095,28.30791,46.04101
1576.81608,1391.26301,2098.68193,1632.12585,1401.57104,2108.84595,1586.72500,386.83605,83.21095,1620.40401,1361.19413,2096.53115,1575.61398,1390.43283,2097.76282,37.91213,26.45183,37.41813,28.98097,36.22699,30.04003,34.47318,47.21999,30.63703,33.84304,45.63999,42.32812,53.54404,28.34988,50.85611
1454.48804,1268.92805,1976.34888,1505.39994,1274.84393,1982.12409,1464.74600,264.85109,18.91112,1498.44503,1239.23516,1974.57719,1453.66001,1268.47100,1975.80290,37.91904,26.53217,37.55713,29.13904,36.45086,30.05719,34.49321,47.80698,30.66516,33.88596,45.68505,42.34505,21.53301,29.12402,50.92120
1379.49300,1193.92705,1901.35098,1430.30691,1199.74804,1907.03893,1389.10794,189.20994,1910.51102,1423.45309,1164.24417,1899.58811,1378.29494,1193.09998,1900.43497,37.91714,26.60394,37.62507,29.47688,36.62205,30.07507,34.47199,50.45009,30.68209,33.92410,48.62499,42.37103,31.88300,29.17504,50.97795
1259.45187,1073.87900,1781.30388,1310.26793,1079.70786,1787.00399,1268.56709,68.66503,1789.96897,1303.12896,1043.92004,1779.26803,1258.12793,1072.92509,1780.26104,37.91618,27.98700,38.25903,29.67310,36.64517,30.08699,34.48510,50.61007,30.66301,33.91385,48.74897,42.38796,31.97694,29.21915,51.02801
1179.56495,993.98303,1701.41101,1233.31308,1002.75111,1710.05106,1191.52999,2102.79107,1712.92996,1208.91905,949.71204,1685.06289,1172.89591,987.68497,1695.02401,37.92882,29.58107,43.77913,30.43318,36.77988,30.14994,34.48391,30.40314,30.67207,33.90694,48.84481,42.46092,32.18794,29.25587,51.09406
1035.48098,849.89214,1557.32203,1092.20815,861.64498,1568.94994,1050.50898,1961.76410,1571.90609,1067.70611,837.19301,1543.85304,1031.77810,846.55213,1553.89309,37.92906,30.20191,43.78700,30.67613,36.93199,30.28202,34.50203,30.38621,28.45097,33.90193,48.96593,42.60588,32.21798,29.30403,51.17202
989.32099,803.72500,1511.15704,1046.01502,815.45115,1522.76111,1004.58908,1915.84110,1525.98405,1021.66581,791.15200,1497.81799,985.01778,799.78681,1507.12895,37.93502,30.28607,43.80083,30.93600,37.08196,34.32918,34.49512,30.42507,28.57494,33.89192,49.06583,42.87505,32.24897,29.33621,51.22185
889.23097,1800.16899,1411.06510,2111.55510,1812.19220,1422.87517,2115.16500,1848.11211,1426.16510,921.36884,1819.59200,1397.52388,2124.94302,699.35918,1461.19714,38.22803,25.15507,24.14203,31.55208,29.37698,22.71795,25.84195,25.15388,25.00010,33.88405,49.17908,182.24096,46.46993,31.68893,22.63689
846.02785,1756.96206,1367.85483,2068.27688,1768.91208,1379.59790,2071.53988,1804.48198,1382.54189,878.19195,1776.41106,1354.34794,2081.88605,656.30102,1418.14113,39.46900,25.98715,24.35017,31.59595,29.38700,22.99809,25.87199,25.72513,25.02799,33.86497,49.27492,183.09402,47.86515,31.76284,22.70484
761.89590,1672.82605,1283.71787,1983.98113,1684.61514,1295.30907,1987.37812,1720.31498,1298.37918,794.14296,1692.36112,1270.30301,1996.35410,570.76907,1332.61108,39.52694,28.06306,24.60408,31.79312,29.39415,23.32807,25.88916,26.17002,25.06089,33.85496,49.39103,183.42090,47.96290,31.83389,22.85409
712.85796,1623.78311,1234.67493,1964.40601,1635.45609,1300.81701,1938.33590,1671.26799,1249.33696,745.11886,1643.33391,1221.28201,1946.96689,521.39091,1283.22697,39.56890,28.85413,24.62792,32.01890,29.40202,23.71693,25.90799,26.44110,25.08903,33.84495,49.69501,26.18504,48.26713,31.88396,22.88580
604.62999,1515.54203,1126.43194,1856.32896,1527.38214,1192.74402,1830.20711,1563.13396,1141.20913,636.22403,1562.32285,1112.39386,1838.80615,413.23209,1175.06909,39.63590,28.89490,24.75286,33.00500,29.41298,24.08719,25.93303,26.51906,22.91298,33.85520,49.78490,26.23177,48.37608,31.91113,22.90297
525.62523,1436.53011,1047.42122,1777.24409,1448.30012,1113.66105,1750.84710,1483.77013,1061.85007,556.86998,1482.97000,1033.04291,1759.51600,333.94217,1095.78204,39.71386,28.93305,24.74499,33.14304,29.42109,24.35017,25.94995,26.57485,23.00501,33.84709,49.89791,26.26610,48.44213,31.94690,22.96996
393.54587,1304.44789,915.33804,1645.03789,1316.09607,981.45795,1618.35694,1351.27592,929.36397,424.53408,1350.63195,900.71011,1627.04086,201.46680,963.30786,39.77895,28.95117,24.86897,33.20289,29.42801,24.61600,25.97380,26.67308,23.14019,33.83613,49.99089,26.71003,48.53797,31.98719,23.05102
286.22103,1197.11804,808.00819,1537.62412,1208.68516,874.04704,1510.90693,1243.82114,821.91515,317.23380,1243.33096,793.41388,1519.59991,94.02704,855.87096,39.82401,28.98192,24.95885,33.28395,29.43587,24.89185,26.27587,26.71790,24.47009,33.82707,50.11296,26.73507,48.61808,32.07803,23.11110
206.99191,1117.88297,728.77383,1458.29988,1129.36187,794.72589,1431.52809,1164.43896,742.53798,238.29818,1164.39199,714.48016,1438.84206,13.26704,775.11501,39.93416,29.01387,25.05612,33.34808,29.45089,25.05803,26.30496,26.81088,25.22612,33.83207,50.20595,26.74294,48.72394,32.17101,23.19217
103.68681,1014.57286,625.46182,1355.07989,1026.14379,691.50782,1328.07589,1060.98199,639.08696,135.45609,1061.54799,611.63998,1334.98406,981.82201,671.25988,40.00211,29.04201,25.25401,33.44107,29.47402,25.12717,26.32284,26.94511,25.27905,21.47293,50.34113,26.75414,48.79618,32.18412,29.11901
44.62194,987.68497,566.39194,1295.89486,966.96186,632.32684,1268.69202,1001.59407,579.70500,76.14303,1002.23303,552.33216,1275.32387,1006.42085,611.60302,42.54079,29.07491,25.29001,33.50210,29.48809,22.28498,26.35407,26.98708,25.50912,26.53408,50.93694,26.75819,48.87891,32.20677,29.33407
1135.98704,869.00401,502.03109,1176.80001,847.87011,513.23509,1151.58606,884.48405,462.59999,1154.09112,885.27012,490.39721,1158.24509,889.34016,494.52615,22.34817,29.10495,28.42402,28.63503,29.49905,22.35389,26.63207,27.03309,25.75302,26.59392,28.70893,26.80111,48.93899,24.88899,29.39200
1092.28992,825.30093,458.36306,1134.71985,805.79185,471.15898,1109.60603,842.49997,420.62211,1112.30803,843.48512,448.61412,1116.32013,847.41592,452.60406,23.18001,29.13284,28.39994,28.71394,29.52194,22.40586,26.73888,27.06909,26.04914,26.64804,28.92399,26.81994,49.50404,24.91689,29.62112
994.30203,727.30899,412.12893,1036.71503,707.78894,373.15702,1041.05115,772.22610,322.47305,1048.05994,1799.33190,1712.58998,1018.03803,749.13406,354.32601,23.22793,29.16718,28.77092,23.46802,31.50797,22.44902,29.19316,26.29399,22.62807,26.70598,22.28904,26.82805,49.57199,24.72496,29.70290
932.12605,665.12799,349.96009,974.51282,645.58887,310.95791,978.94883,710.12402,260.37598,985.57901,1736.85193,1650.10905,955.88422,686.98001,292.17410,23.25010,29.20198,28.81217,23.53597,31.62694,22.48406,29.30498,26.37815,22.70889,26.76606,24.87588,27.22406,49.67093,24.77789,29.88911
861.85384,594.84887,279.69480,904.36697,575.44684,316.85400,942.66891,1693.91489,190.39798,915.52997,1666.80503,1580.05905,885.77890,616.87589,222.07284,23.34714,29.22606,21.92807,23.70501,31.68297,24.91093,29.45805,21.75093,22.86792,26.81494,24.91808,22.85314,49.75295,24.87803,29.90294
774.70517,507.69401,192.54613,817.29388,488.37590,229.78306,855.55696,1606.80389,103.28698,828.39489,1579.66900,1492.92397,798.54918,529.64497,134.84502,23.55003,29.24991,22.14313,23.74816,31.83293,24.95694,29.72889,22.15910,22.95017,26.93510,24.99890,22.92395,49.93701,25.06900,29.91796
727.45204,460.43706,145.29204,769.98806,441.07199,182.47819,808.32005,1559.56912,56.05292,781.26788,1532.54294,1445.79697,751.51992,482.61595,87.82005,23.70715,29.27423,22.21417,23.86498,31.90088,24.99104,30.14302,22.28785,26.00408,27.00400,25.73800,23.38791,51.07498,25.34103,29.93512
675.28510,408.26416,93.12296,717.74101,388.82923,130.23520,755.96094,1507.21192,86.13896,728.90687,1480.18193,1393.43500,695.66178,426.75900,31.96502,23.89097,29.29902,22.38178,23.98086,31.97694,25.02203,30.33209,22.31503,26.05009,27.05789,25.82479,24.54877,24.87779,25.49505,29.95205
591.47906,324.45312,1319.40508,633.83389,304.92282,46.32878,672.00804,1423.25997,75.08206,638.93199,1390.20705,1303.45893,611.37104,342.46707,1338.98211,24.05214,29.32215,22.81904,24.02306,32.06205,25.24114,30.43008,22.33386,26.08395,27.62294,24.57190,24.60194,23.80013,25.65217,22.40896
477.61011,210.57820,1205.53422,519.40298,190.49501,1217.69309,558.16507,1309.41892,1222.66197,524.82390,1276.09801,1189.34894,497.27011,228.36709,1224.87998,24.17397,29.34599,22.95399,26.21603,32.15599,25.60306,30.72906,22.34006,26.11399,27.89903,24.63984,25.02990,24.56903,25.83289,22.82405
353.25980,86.22289,1081.18200,395.17999,66.27607,1093.47105,433.85005,1185.10199,1098.34504,400.70200,1151.97706,1065.22894,373.26002,104.35700,1100.87109,24.32704,29.36697,23.00501,26.45302,33.39100,26.51119,30.72906,22.35007,26.14617,27.95196,24.66583,25.34294,24.56284,25.85888,23.16213
232.23114,20.91312,960.15191,1446.62309,1035.45904,971.03119,312.67190,1063.92097,977.16594,277.21190,1028.48697,941.73789,1426.40400,1069.36598,980.12090,24.54710,21.81697,23.27704,26.63898,23.47207,23.88000,21.06595,22.35913,26.17693,21.59786,24.67513,28.63216,24.57023,25.95496,23.82803
95.17908,909.98197,823.09699,1309.65590,920.86291,834.06281,1315.55986,926.48983,839.73598,140.07401,891.34908,804.60000,1289.45613,932.41692,843.17207,28.73516,22.26782,24.07694,26.89600,23.51189,26.13616,29.88601,26.68095,26.25203,21.79790,24.65200,28.63598,32.55105,26.04699,24.03498
41.84818,856.64701,769.76299,1256.43897,867.64693,780.84588,1262.19916,873.12412,786.37099,87.01015,838.28807,751.53708,1236.52697,879.48608,790.24100,28.92399,22.36390,25.96903,26.96800,24.10913,26.20888,29.91700,26.70693,26.36504,21.85798,24.64795,28.66197,32.58705,26.12710,24.49894
1142.77196,753.87788,666.99386,1153.49889,764.70900,677.90794,1155.79104,766.71314,679.96097,1123.95382,735.04686,677.67000,1135.69212,778.65005,689.40520,23.13805,23.14496,26.03817,22.96710,24.14489,26.23606,29.94084,26.73101,26.61514,22.21394,30.38597,28.67413,32.61995,23.08512,24.55211
2380.39207,683.91395,3804.21996,1083.66990,694.88096,637.46381,1084.55586,695.47796,608.72579,1053.43699,664.53195,607.15199,1065.67502,708.63199,619.38691,25.18916,23.18501,26.06797,23.02504,24.17111,27.54807,30.23601,26.75700,26.63898,22.32194,24.64485,26.57509,32.64499,23.35501,24.84107
2248.16895,551.68891,3671.99397,950.78206,2517.87400,2452.60811,952.69394,563.61794,476.86386,2228.63483,564.20183,2422.88089,933.61807,576.57099,487.32591,25.41208,32.65190,26.14021,23.86498,24.24502,27.84705,22.97902,26.79610,23.18287,22.92299,24.69015,27.98295,32.70793,23.25201,24.89901
2110.14700,413.66291,3533.96702,812.96802,2380.06496,2314.79883,814.59308,457.49187,338.76395,2090.53493,426.09406,2284.77907,795.48693,438.43603,349.19095,25.58017,32.70483,26.16596,23.91005,25.96903,29.10399,23.07296,25.13504,25.53797,23.01693,24.78218,28.00798,32.76110,23.83399,25.29407
1973.96612,277.47798,3397.78209,676.75185,2243.85500,2178.59101,678.34783,321.24496,202.51894,1954.38814,289.94298,2148.63515,659.07407,302.01697,212.77189,25.76804,32.80210,26.19696,23.93389,26.01099,29.20890,25.83194,25.32101,25.95496,25.26498,24.87397,28.02277,32.81116,23.86498,26.18313
1835.56008,139.07409,3259.37605,538.45692,2105.56507,2040.30085,539.78300,182.67989,63.95507,1816.10703,151.65710,2010.35619,520.97583,163.91301,74.66793,25.82002,32.89008,26.22008,23.96393,26.09301,29.30403,25.85506,25.48695,25.94900,25.43187,24.90306,28.02706,32.89509,23.99993,26.21293
1738.14201,41.65816,3161.95917,442.57402,2009.68790,1944.42487,443.62617,86.52115,23.08202,1719.97118,55.51696,1914.22415,425.05908,67.99006,29.85406,25.87080,32.98712,28.29313,23.98705,26.21603,30.04098,25.86794,25.53010,25.94614,25.47288,26.19004,27.99416,22.11213,24.08195,25.06399
1598.76990,1885.46085,3022.58801,303.59817,1870.71609,1805.45306,1612.12397,1898.96703,3035.97999,1581.00605,1840.51299,1775.25997,1593.51707,1880.19109,3044.91901,30.76196,33.11396,31.30388,31.46791,32.08494,22.29309,25.88606,23.19503,22.09711,23.76199,26.22795,27.96006,22.17293,24.41883,22.15600
1551.92900,1838.62400,2975.74997,257.26295,1824.38707,1759.12213,1565.91010,1852.74816,2989.76302,1534.61194,1794.12508,1728.86801,1547.12892,1833.80008,2998.52896,30.95794,33.16283,31.37612,31.58402,32.87411,22.51101,25.90108,23.36597,22.13407,23.78607,26.28899,27.92811,22.55321,24.40214,22.20488
1481.61507,1768.31007,2905.43413,187.10184,1754.23002,1688.96389,1495.65387,1782.49097,2919.50583,1464.38599,1723.90485,1658.64396,1476.59802,1763.26919,2927.99807,31.04401,33.26392,31.40187,31.58116,32.94396,22.69316,25.91395,23.53501,22.69387,23.96703,26.31807,27.89521,22.63212,24.40500,23.16189
1376.13893,1662.83298,2799.95584,81.85601,1648.99087,1583.72593,1390.32817,1677.16217,2814.17799,1359.05004,1618.57200,1553.31206,1371.02699,1657.69601,2822.42608,31.04711,33.36382,31.45599,31.60405,33.05387,22.87412,25.92611,23.64802,22.79401,24.12295,26.32904,27.86279,22.95303,24.40500,23.19098
1325.95515,1612.64610,2749.76897,31.58307,1598.72389,1533.45704,1340.07907,1626.91116,2763.92698,1308.53486,1568.05897,1502.79903,1320.85395,1607.51987,2772.25089,31.07309,33.43296,31.44693,31.65793,33.20789,23.03600,25.93803,23.71192,22.87889,24.28699,26.34597,27.82893,23.00096,24.60885,23.19217
3233.83403,3628.69716,2650.27905,1212.01491,1471.49611,1406.22687,1212.85105,3642.81988,2636.69705,1180.78279,1440.31096,1375.05198,1193.28594,1479.94900,2644.68002,23.21815,27.85015,31.48603,31.86607,33.24509,23.20719,25.94781,23.77605,22.90487,24.43886,22.24588,27.79698,23.18096,24.61195,23.22102
3096.57311,3491.43314,2513.01908,1074.35179,1333.83584,1268.56589,1075.31190,3505.27692,2499.15385,1043.42008,1302.95110,1237.69093,1055.99213,1342.65208,2507.38502,23.27394,31.07691,31.48699,31.87013,33.39410,23.27514,25.95901,24.01400,22.95589,24.59598,25.71988,27.77195,23.23198,28.14007,23.22602
3008.46386,3403.32198,2424.90888,985.99792,1245.48697,1180.21703,986.94801,3416.90898,2410.78782,955.10507,1214.63895,1149.37806,967.80896,1254.46606,2419.19899,23.30017,31.38590,31.89707,31.87585,33.42009,23.30613,25.97094,24.33586,22.99094,24.76692,25.77901,27.73404,23.40698,28.16606,23.22698
2919.11483,3313.97104,2335.55794,896.86704,1156.35896,1091.08901,897.71104,3327.66819,2321.54608,865.84306,1125.37885,1060.11605,878.69406,1165.34805,2330.08194,23.28491,31.64315,31.94404,31.91900,33.58006,23.34404,25.97713,24.40476,23.02623,24.82200,25.82693,27.69709,23.54002,28.22018,23.25106
2796.96608,3191.81919,2213.40609,774.63794,1034.13391,968.86301,775.25210,3205.20496,2199.08595,743.55793,1003.09706,937.83092,756.22106,1042.87219,2207.60703,23.32115,33.74910,32.10378,31.99315,33.64587,23.38600,25.98500,24.48988,23.12303,24.84512,25.85912,27.66204,24.83511,28.23806,23.29612
2665.88902,3060.73999,2082.32808,643.51487,903.01299,837.74185,643.57901,3073.52805,2067.40999,612.35714,871.89698,806.63109,624.83716,911.48520,2076.22004,23.41509,33.98204,32.26089,32.52196,33.81610,23.43607,25.99311,24.65796,23.22292,24.86897,25.89512,27.63295,24.92595,28.24116,23.33212
